,RunId,iteration,Step,walls,boxes,time,visionRange,rows,columns,Scanner Agent Moves,Minion Random Moves,Minion Destination Movements,Minion 1 Total Piled Boxes,Minion 2 Total Piled Boxes,Minion 3 Total Piled Boxes,Minion 4 Total Piled Boxes,Minion 5 Total Piled Boxes,Percentage piled boxes
0,0,0,0,2,6,500,10,21,21,1,5,0,0,0,0,0,0,0.0
1,0,0,1,2,6,500,10,21,21,2,10,0,0,0,0,0,0,0.0
2,0,0,2,2,6,500,10,21,21,3,14,1,0,0,0,0,0,0.0
3,0,0,3,2,6,500,10,21,21,4,18,2,0,0,0,0,0,0.0
4,0,0,4,2,6,500,10,21,21,5,22,3,0,0,0,0,0,0.0
5,0,0,5,2,6,500,10,21,21,6,26,4,0,0,0,0,0,0.0
6,0,0,6,2,6,500,10,21,21,7,30,5,0,0,0,0,0,0.0
7,0,0,7,2,6,500,10,21,21,8,34,6,0,0,0,0,0,0.0
8,0,0,8,2,6,500,10,21,21,9,38,7,0,0,0,0,0,0.0
9,0,0,9,2,6,500,10,21,21,10,42,8,0,0,0,0,0,0.0
10,0,0,10,2,6,500,10,21,21,11,46,9,0,0,0,0,0,0.0
11,0,0,11,2,6,500,10,21,21,12,50,10,0,0,0,0,0,0.0
12,0,0,12,2,6,500,10,21,21,13,54,11,0,0,0,0,0,0.0
13,0,0,13,2,6,500,10,21,21,14,58,12,0,0,0,0,0,0.0
14,0,0,14,2,6,500,10,21,21,15,62,13,0,0,0,0,0,0.0
15,0,0,15,2,6,500,10,21,21,16,65,14,1,0,0,0,0,0.0
16,0,0,16,2,6,500,10,21,21,17,68,16,1,0,0,0,0,0.0
17,0,0,17,2,6,500,10,21,21,18,71,18,1,0,0,0,0,0.0
18,0,0,18,2,6,500,10,21,21,19,74,20,1,0,0,0,0,0.0
19,0,0,19,2,6,500,10,21,21,20,77,22,1,0,0,0,0,0.0
20,0,0,20,2,6,500,10,21,21,21,80,24,1,0,0,0,0,0.0
21,0,0,21,2,6,500,10,21,21,22,83,26,1,0,0,0,0,0.0
22,0,0,22,2,6,500,10,21,21,23,86,28,1,0,0,0,0,0.0
23,0,0,23,2,6,500,10,21,21,24,89,30,1,0,0,0,0,0.0
24,0,0,24,2,6,500,10,21,21,25,92,32,1,0,0,0,0,0.0
25,0,0,25,2,6,500,10,21,21,26,95,34,1,0,0,0,0,0.0
26,0,0,26,2,6,500,10,21,21,27,97,37,1,0,0,0,0,0.0
27,0,0,27,2,6,500,10,21,21,28,99,40,1,0,0,0,0,0.0
28,0,0,28,2,6,500,10,21,21,29,100,44,1,0,0,0,0,0.0
29,0,0,29,2,6,500,10,21,21,30,101,47,1,1,0,0,0,0.0
30,0,0,30,2,6,500,10,21,21,31,102,50,1,1,1,0,0,0.0
31,0,0,31,2,6,500,10,21,21,32,103,54,1,1,1,0,0,0.0
32,0,0,32,2,6,500,10,21,21,33,104,58,1,1,1,0,0,0.0
33,0,0,33,2,6,500,10,21,21,34,105,62,1,1,1,0,0,0.0
34,0,0,34,2,6,500,10,21,21,35,106,66,1,1,1,0,0,0.0
35,0,0,35,2,6,500,10,21,21,36,107,70,1,1,1,0,0,0.0
36,0,0,36,2,6,500,10,21,21,37,108,74,1,1,1,0,0,0.0
37,0,0,37,2,6,500,10,21,21,38,109,78,1,1,1,0,0,0.0
38,0,0,38,2,6,500,10,21,21,39,110,82,1,1,1,0,0,0.0
39,0,0,39,2,6,500,10,21,21,40,111,85,1,1,1,0,0,0.0
40,0,0,40,2,6,500,10,21,21,41,112,89,1,1,1,0,0,0.0
41,0,0,41,2,6,500,10,21,21,42,113,92,1,1,1,1,0,0.0
42,0,0,42,2,6,500,10,21,21,43,114,96,1,1,1,1,0,0.0
43,0,0,43,2,6,500,10,21,21,44,115,100,1,1,1,1,0,0.0
44,0,0,44,2,6,500,10,21,21,45,116,104,1,1,1,1,0,0.0
45,0,0,45,2,6,500,10,21,21,46,117,108,1,1,1,1,0,0.0
46,0,0,46,2,6,500,10,21,21,47,118,112,1,1,1,1,0,16.666666666666668
47,0,0,47,2,6,500,10,21,21,48,120,115,1,1,1,1,0,16.666666666666668
48,0,0,48,2,6,500,10,21,21,49,122,118,1,1,1,1,0,16.666666666666668
49,0,0,49,2,6,500,10,21,21,50,124,121,1,1,1,1,0,16.666666666666668
50,0,0,50,2,6,500,10,21,21,51,126,124,1,1,1,1,0,33.333333333333336
51,0,0,51,2,6,500,10,21,21,52,129,126,1,1,1,1,0,33.333333333333336
52,0,0,52,2,6,500,10,21,21,53,132,128,1,1,1,1,0,33.333333333333336
53,0,0,53,2,6,500,10,21,21,54,135,130,1,1,1,1,0,50.0
54,0,0,54,2,6,500,10,21,21,55,139,131,1,1,1,1,0,50.0
55,0,0,55,2,6,500,10,21,21,56,143,132,1,1,1,1,0,50.0
56,0,0,56,2,6,500,10,21,21,57,147,133,1,1,1,1,0,50.0
57,0,0,57,2,6,500,10,21,21,58,151,134,1,1,1,1,0,50.0
58,0,0,58,2,6,500,10,21,21,59,155,135,1,1,1,1,0,50.0
59,0,0,59,2,6,500,10,21,21,60,159,136,1,1,1,1,0,50.0
60,0,0,60,2,6,500,10,21,21,61,163,137,1,1,1,1,0,50.0
61,0,0,61,2,6,500,10,21,21,62,167,138,1,1,1,1,0,50.0
62,0,0,62,2,6,500,10,21,21,63,171,139,1,1,1,1,0,50.0
63,0,0,63,2,6,500,10,21,21,64,175,140,1,1,1,1,0,50.0
64,0,0,64,2,6,500,10,21,21,65,179,141,1,1,1,1,0,50.0
65,0,0,65,2,6,500,10,21,21,66,183,142,1,1,1,1,0,66.66666666666667
66,0,0,66,2,6,500,10,21,21,67,188,142,1,1,1,1,0,66.66666666666667
67,0,0,67,2,6,500,10,21,21,68,193,142,1,1,1,1,0,66.66666666666667
68,0,0,68,2,6,500,10,21,21,69,198,142,1,1,1,1,0,66.66666666666667
69,0,0,69,2,6,500,10,21,21,70,203,142,1,1,1,1,0,66.66666666666667
70,0,0,70,2,6,500,10,21,21,71,208,142,1,1,1,1,0,66.66666666666667
71,0,0,71,2,6,500,10,21,21,72,213,142,1,1,1,1,0,66.66666666666667
72,0,0,72,2,6,500,10,21,21,73,218,142,1,1,1,1,0,66.66666666666667
73,0,0,73,2,6,500,10,21,21,74,223,142,1,1,1,1,0,66.66666666666667
74,0,0,74,2,6,500,10,21,21,75,228,142,1,1,1,1,0,66.66666666666667
75,0,0,75,2,6,500,10,21,21,76,233,142,1,1,1,1,0,66.66666666666667
76,0,0,76,2,6,500,10,21,21,77,238,142,1,1,1,1,0,66.66666666666667
77,0,0,77,2,6,500,10,21,21,78,243,142,1,1,1,1,0,66.66666666666667
78,0,0,78,2,6,500,10,21,21,79,248,142,1,1,1,1,0,66.66666666666667
79,0,0,79,2,6,500,10,21,21,80,253,142,1,1,1,1,0,66.66666666666667
80,0,0,80,2,6,500,10,21,21,81,258,142,1,1,1,1,0,66.66666666666667
81,0,0,81,2,6,500,10,21,21,82,263,142,1,1,1,1,0,66.66666666666667
82,0,0,82,2,6,500,10,21,21,83,268,142,1,1,1,1,0,66.66666666666667
83,0,0,83,2,6,500,10,21,21,84,273,142,1,1,1,1,0,66.66666666666667
84,0,0,84,2,6,500,10,21,21,85,278,142,1,1,1,1,0,66.66666666666667
85,0,0,85,2,6,500,10,21,21,86,283,142,1,1,1,1,0,66.66666666666667
86,0,0,86,2,6,500,10,21,21,87,288,142,1,1,1,1,0,66.66666666666667
87,0,0,87,2,6,500,10,21,21,88,293,142,1,1,1,1,0,66.66666666666667
88,0,0,88,2,6,500,10,21,21,89,298,142,1,1,1,1,0,66.66666666666667
89,0,0,89,2,6,500,10,21,21,90,303,142,1,1,1,1,0,66.66666666666667
90,0,0,90,2,6,500,10,21,21,91,308,142,1,1,1,1,0,66.66666666666667
91,0,0,91,2,6,500,10,21,21,92,313,142,1,1,1,1,0,66.66666666666667
92,0,0,92,2,6,500,10,21,21,93,318,142,1,1,1,1,0,66.66666666666667
93,0,0,93,2,6,500,10,21,21,94,323,142,1,1,1,1,0,66.66666666666667
94,0,0,94,2,6,500,10,21,21,95,328,142,1,1,1,1,0,66.66666666666667
95,0,0,95,2,6,500,10,21,21,96,332,143,1,1,1,1,0,66.66666666666667
96,0,0,96,2,6,500,10,21,21,97,336,144,1,1,1,1,0,66.66666666666667
97,0,0,97,2,6,500,10,21,21,98,340,145,1,1,1,1,0,66.66666666666667
98,0,0,98,2,6,500,10,21,21,99,344,146,1,1,1,1,0,66.66666666666667
99,0,0,99,2,6,500,10,21,21,100,348,147,1,1,1,1,0,66.66666666666667
100,0,0,100,2,6,500,10,21,21,101,352,148,1,1,1,1,0,66.66666666666667
101,1,1,0,2,6,500,10,21,21,1,5,0,0,0,0,0,0,0.0
102,1,1,1,2,6,500,10,21,21,2,10,0,0,0,0,0,0,0.0
103,1,1,2,2,6,500,10,21,21,3,15,0,0,0,0,0,0,0.0
104,1,1,3,2,6,500,10,21,21,4,20,0,0,0,0,0,0,0.0
105,1,1,4,2,6,500,10,21,21,5,25,0,0,0,0,0,0,0.0
106,1,1,5,2,6,500,10,21,21,6,30,0,0,0,0,0,0,0.0
107,1,1,6,2,6,500,10,21,21,7,34,1,0,0,0,0,0,0.0
108,1,1,7,2,6,500,10,21,21,8,38,2,0,0,0,0,0,0.0
109,1,1,8,2,6,500,10,21,21,9,42,3,0,0,0,0,0,0.0
110,1,1,9,2,6,500,10,21,21,10,46,4,0,0,0,0,0,0.0
111,1,1,10,2,6,500,10,21,21,11,50,4,1,0,0,0,0,0.0
112,1,1,11,2,6,500,10,21,21,12,53,6,1,0,0,0,0,0.0
113,1,1,12,2,6,500,10,21,21,13,56,8,1,0,0,0,0,0.0
114,1,1,13,2,6,500,10,21,21,14,59,10,1,0,0,0,0,0.0
115,1,1,14,2,6,500,10,21,21,15,62,12,1,0,0,0,0,0.0
116,1,1,15,2,6,500,10,21,21,16,65,14,1,0,0,0,0,0.0
117,1,1,16,2,6,500,10,21,21,17,68,16,1,0,0,0,0,0.0
118,1,1,17,2,6,500,10,21,21,18,71,18,1,0,0,0,0,0.0
119,1,1,18,2,6,500,10,21,21,19,74,20,1,0,0,0,0,0.0
120,1,1,19,2,6,500,10,21,21,20,77,22,1,0,0,0,0,0.0
121,1,1,20,2,6,500,10,21,21,21,80,24,1,0,0,0,0,0.0
122,1,1,21,2,6,500,10,21,21,22,83,26,1,0,0,0,0,0.0
123,1,1,22,2,6,500,10,21,21,23,86,28,1,0,0,0,0,0.0
124,1,1,23,2,6,500,10,21,21,24,89,30,1,0,0,0,0,0.0
125,1,1,24,2,6,500,10,21,21,25,92,32,1,0,0,0,0,0.0
126,1,1,25,2,6,500,10,21,21,26,95,34,1,0,0,0,0,0.0
127,1,1,26,2,6,500,10,21,21,27,98,35,1,1,0,0,0,0.0
128,1,1,27,2,6,500,10,21,21,28,101,37,1,1,0,0,0,0.0
129,1,1,28,2,6,500,10,21,21,29,104,39,1,1,0,0,0,0.0
130,1,1,29,2,6,500,10,21,21,30,107,41,1,1,0,0,0,0.0
131,1,1,30,2,6,500,10,21,21,31,110,43,1,1,0,0,0,0.0
132,1,1,31,2,6,500,10,21,21,32,113,45,1,1,0,0,0,0.0
133,1,1,32,2,6,500,10,21,21,33,116,47,1,1,0,0,0,0.0
134,1,1,33,2,6,500,10,21,21,34,119,49,1,1,0,0,0,0.0
135,1,1,34,2,6,500,10,21,21,35,122,51,1,1,0,0,0,16.666666666666668
136,1,1,35,2,6,500,10,21,21,36,126,52,1,1,0,0,0,16.666666666666668
137,1,1,36,2,6,500,10,21,21,37,130,53,1,1,0,0,0,16.666666666666668
138,1,1,37,2,6,500,10,21,21,38,134,54,1,1,0,0,0,16.666666666666668
139,1,1,38,2,6,500,10,21,21,39,137,56,1,1,0,0,0,16.666666666666668
140,1,1,39,2,6,500,10,21,21,40,140,58,1,1,0,0,0,16.666666666666668
141,1,1,40,2,6,500,10,21,21,41,143,60,1,1,0,0,0,16.666666666666668
142,1,1,41,2,6,500,10,21,21,42,146,62,1,1,0,0,0,16.666666666666668
143,1,1,42,2,6,500,10,21,21,43,149,64,1,1,0,0,0,16.666666666666668
144,1,1,43,2,6,500,10,21,21,44,152,66,1,1,0,0,0,16.666666666666668
145,1,1,44,2,6,500,10,21,21,45,155,68,1,1,0,0,0,16.666666666666668
146,1,1,45,2,6,500,10,21,21,46,158,70,1,1,0,0,0,16.666666666666668
147,1,1,46,2,6,500,10,21,21,47,161,72,1,1,0,0,0,16.666666666666668
148,1,1,47,2,6,500,10,21,21,48,164,74,1,1,0,0,0,16.666666666666668
149,1,1,48,2,6,500,10,21,21,49,167,76,1,1,0,0,0,16.666666666666668
150,1,1,49,2,6,500,10,21,21,50,170,78,1,1,0,0,0,16.666666666666668
151,1,1,50,2,6,500,10,21,21,51,173,80,1,1,0,0,0,33.333333333333336
152,1,1,51,2,6,500,10,21,21,52,177,81,1,1,0,0,0,33.333333333333336
153,1,1,52,2,6,500,10,21,21,53,181,82,1,1,0,0,0,33.333333333333336
154,1,1,53,2,6,500,10,21,21,54,185,83,1,1,0,0,0,33.333333333333336
155,1,1,54,2,6,500,10,21,21,55,189,84,1,1,0,0,0,33.333333333333336
156,1,1,55,2,6,500,10,21,21,56,193,85,1,1,0,0,0,33.333333333333336
157,1,1,56,2,6,500,10,21,21,57,197,86,1,1,0,0,0,33.333333333333336
158,1,1,57,2,6,500,10,21,21,58,201,87,1,1,0,0,0,33.333333333333336
159,1,1,58,2,6,500,10,21,21,59,205,88,1,1,0,0,0,33.333333333333336
160,1,1,59,2,6,500,10,21,21,60,209,89,1,1,0,0,0,33.333333333333336
161,1,1,60,2,6,500,10,21,21,61,213,90,1,1,0,0,0,33.333333333333336
162,1,1,61,2,6,500,10,21,21,62,217,91,1,1,0,0,0,33.333333333333336
163,1,1,62,2,6,500,10,21,21,63,221,92,1,1,0,0,0,33.333333333333336
164,1,1,63,2,6,500,10,21,21,64,225,93,1,1,0,0,0,33.333333333333336
165,1,1,64,2,6,500,10,21,21,65,229,94,1,1,0,0,0,33.333333333333336
166,1,1,65,2,6,500,10,21,21,66,233,94,2,1,0,0,0,33.333333333333336
167,1,1,66,2,6,500,10,21,21,67,237,95,2,1,0,0,0,33.333333333333336
168,1,1,67,2,6,500,10,21,21,68,241,96,2,1,0,0,0,33.333333333333336
169,1,1,68,2,6,500,10,21,21,69,245,97,2,1,0,0,0,33.333333333333336
170,1,1,69,2,6,500,10,21,21,70,249,98,2,1,0,0,0,33.333333333333336
171,1,1,70,2,6,500,10,21,21,71,253,99,2,1,0,0,0,33.333333333333336
172,1,1,71,2,6,500,10,21,21,72,257,100,2,1,0,0,0,33.333333333333336
173,1,1,72,2,6,500,10,21,21,73,260,102,2,1,0,0,0,33.333333333333336
174,1,1,73,2,6,500,10,21,21,74,263,104,2,1,0,0,0,33.333333333333336
175,1,1,74,2,6,500,10,21,21,75,266,106,2,1,0,0,0,33.333333333333336
176,1,1,75,2,6,500,10,21,21,76,269,108,2,1,0,0,0,33.333333333333336
177,1,1,76,2,6,500,10,21,21,77,272,110,2,1,0,0,0,33.333333333333336
178,1,1,77,2,6,500,10,21,21,78,275,112,2,1,0,0,0,33.333333333333336
179,1,1,78,2,6,500,10,21,21,79,278,114,2,1,0,0,0,33.333333333333336
180,1,1,79,2,6,500,10,21,21,80,281,116,2,1,0,0,0,33.333333333333336
181,1,1,80,2,6,500,10,21,21,81,284,118,2,1,0,0,0,33.333333333333336
182,1,1,81,2,6,500,10,21,21,82,287,120,2,1,0,0,0,33.333333333333336
183,1,1,82,2,6,500,10,21,21,83,290,122,2,1,0,0,0,33.333333333333336
184,1,1,83,2,6,500,10,21,21,84,293,124,2,1,0,0,0,33.333333333333336
185,1,1,84,2,6,500,10,21,21,85,296,126,2,1,0,0,0,33.333333333333336
186,1,1,85,2,6,500,10,21,21,86,299,128,2,1,0,0,0,33.333333333333336
187,1,1,86,2,6,500,10,21,21,87,302,130,2,1,0,0,0,33.333333333333336
188,1,1,87,2,6,500,10,21,21,88,305,132,2,1,0,0,0,33.333333333333336
189,1,1,88,2,6,500,10,21,21,89,308,134,2,1,0,0,0,33.333333333333336
190,1,1,89,2,6,500,10,21,21,90,311,136,2,1,0,0,0,50.0
191,1,1,90,2,6,500,10,21,21,91,315,137,2,1,0,0,0,50.0
192,1,1,91,2,6,500,10,21,21,92,319,138,2,1,0,0,0,50.0
193,1,1,92,2,6,500,10,21,21,93,323,139,2,1,0,0,0,50.0
194,1,1,93,2,6,500,10,21,21,94,326,141,2,1,0,0,0,50.0
195,1,1,94,2,6,500,10,21,21,95,329,143,2,1,0,0,0,50.0
196,1,1,95,2,6,500,10,21,21,96,332,145,2,1,0,0,0,50.0
197,1,1,96,2,6,500,10,21,21,97,335,147,2,1,0,0,0,50.0
198,1,1,97,2,6,500,10,21,21,98,338,149,2,1,0,0,0,50.0
199,1,1,98,2,6,500,10,21,21,99,341,151,2,1,0,0,0,50.0
200,1,1,99,2,6,500,10,21,21,100,344,153,2,1,0,0,0,50.0
201,1,1,100,2,6,500,10,21,21,101,347,155,2,1,0,0,0,50.0
202,2,2,0,2,6,500,10,21,21,1,5,0,0,0,0,0,0,0.0
203,2,2,1,2,6,500,10,21,21,2,10,0,0,0,0,0,0,0.0
204,2,2,2,2,6,500,10,21,21,3,15,0,0,0,0,0,0,0.0
205,2,2,3,2,6,500,10,21,21,4,20,0,0,0,0,0,0,0.0
206,2,2,4,2,6,500,10,21,21,5,25,0,0,0,0,0,0,0.0
207,2,2,5,2,6,500,10,21,21,6,29,1,0,0,0,0,0,0.0
208,2,2,6,2,6,500,10,21,21,7,33,2,0,0,0,0,0,0.0
209,2,2,7,2,6,500,10,21,21,8,37,3,0,0,0,0,0,0.0
210,2,2,8,2,6,500,10,21,21,9,41,4,0,0,0,0,0,0.0
211,2,2,9,2,6,500,10,21,21,10,45,5,0,0,0,0,0,0.0
212,2,2,10,2,6,500,10,21,21,11,48,6,0,1,0,0,0,0.0
213,2,2,11,2,6,500,10,21,21,12,51,7,1,1,0,0,0,0.0
214,2,2,12,2,6,500,10,21,21,13,54,9,1,1,0,0,0,0.0
215,2,2,13,2,6,500,10,21,21,14,57,11,1,1,0,0,0,0.0
216,2,2,14,2,6,500,10,21,21,15,59,14,1,1,0,0,0,0.0
217,2,2,15,2,6,500,10,21,21,16,61,17,1,1,0,0,0,0.0
218,2,2,16,2,6,500,10,21,21,17,63,20,1,1,0,0,0,0.0
219,2,2,17,2,6,500,10,21,21,18,65,23,1,1,0,0,0,0.0
220,2,2,18,2,6,500,10,21,21,19,67,26,1,1,0,0,0,0.0
221,2,2,19,2,6,500,10,21,21,20,69,29,1,1,0,0,0,0.0
222,2,2,20,2,6,500,10,21,21,21,71,32,1,1,0,0,0,0.0
223,2,2,21,2,6,500,10,21,21,22,73,34,1,1,1,0,0,0.0
224,2,2,22,2,6,500,10,21,21,23,75,37,1,1,1,0,0,0.0
225,2,2,23,2,6,500,10,21,21,24,77,40,1,1,1,0,0,0.0
226,2,2,24,2,6,500,10,21,21,25,79,43,1,1,1,0,0,0.0
227,2,2,25,2,6,500,10,21,21,26,80,47,1,1,1,0,0,0.0
228,2,2,26,2,6,500,10,21,21,27,81,51,1,1,1,0,0,0.0
229,2,2,27,2,6,500,10,21,21,28,82,55,1,1,1,0,0,0.0
230,2,2,28,2,6,500,10,21,21,29,83,58,1,1,1,1,0,0.0
231,2,2,29,2,6,500,10,21,21,30,84,62,1,1,1,1,0,0.0
232,2,2,30,2,6,500,10,21,21,31,85,66,1,1,1,1,0,0.0
233,2,2,31,2,6,500,10,21,21,32,86,70,1,1,1,1,0,0.0
234,2,2,32,2,6,500,10,21,21,33,87,74,1,1,1,1,0,0.0
235,2,2,33,2,6,500,10,21,21,34,88,78,1,1,1,1,0,0.0
236,2,2,34,2,6,500,10,21,21,35,89,82,1,1,1,1,0,0.0
237,2,2,35,2,6,500,10,21,21,36,90,86,1,1,1,1,0,16.666666666666668
238,2,2,36,2,6,500,10,21,21,37,92,89,1,1,1,1,0,16.666666666666668
239,2,2,37,2,6,500,10,21,21,38,94,92,1,1,1,1,0,16.666666666666668
240,2,2,38,2,6,500,10,21,21,39,96,95,1,1,1,1,0,16.666666666666668
241,2,2,39,2,6,500,10,21,21,40,98,98,1,1,1,1,0,16.666666666666668
242,2,2,40,2,6,500,10,21,21,41,100,101,1,1,1,1,0,16.666666666666668
243,2,2,41,2,6,500,10,21,21,42,102,104,1,1,1,1,0,33.333333333333336
244,2,2,42,2,6,500,10,21,21,43,105,106,1,1,1,1,0,33.333333333333336
245,2,2,43,2,6,500,10,21,21,44,108,108,1,1,1,1,0,33.333333333333336
246,2,2,44,2,6,500,10,21,21,45,111,110,1,1,1,1,0,33.333333333333336
247,2,2,45,2,6,500,10,21,21,46,114,112,1,1,1,1,0,33.333333333333336
248,2,2,46,2,6,500,10,21,21,47,117,114,1,1,1,1,0,50.0
249,2,2,47,2,6,500,10,21,21,48,121,115,1,1,1,1,0,50.0
250,2,2,48,2,6,500,10,21,21,49,125,116,1,1,1,1,0,50.0
251,2,2,49,2,6,500,10,21,21,50,129,117,1,1,1,1,0,50.0
252,2,2,50,2,6,500,10,21,21,51,133,118,1,1,1,1,0,50.0
253,2,2,51,2,6,500,10,21,21,52,137,119,1,1,1,1,0,50.0
254,2,2,52,2,6,500,10,21,21,53,141,120,1,1,1,1,0,66.66666666666667
255,2,2,53,2,6,500,10,21,21,54,146,120,1,1,1,1,0,66.66666666666667
256,2,2,54,2,6,500,10,21,21,55,151,120,1,1,1,1,0,66.66666666666667
257,2,2,55,2,6,500,10,21,21,56,156,120,1,1,1,1,0,66.66666666666667
258,2,2,56,2,6,500,10,21,21,57,161,120,1,1,1,1,0,66.66666666666667
259,2,2,57,2,6,500,10,21,21,58,166,120,1,1,1,1,0,66.66666666666667
260,2,2,58,2,6,500,10,21,21,59,171,120,1,1,1,1,0,66.66666666666667
261,2,2,59,2,6,500,10,21,21,60,176,120,1,1,1,1,0,66.66666666666667
262,2,2,60,2,6,500,10,21,21,61,181,120,1,1,1,1,0,66.66666666666667
263,2,2,61,2,6,500,10,21,21,62,186,120,1,1,1,1,0,66.66666666666667
264,2,2,62,2,6,500,10,21,21,63,191,120,1,1,1,1,0,66.66666666666667
265,2,2,63,2,6,500,10,21,21,64,196,120,1,1,1,1,0,66.66666666666667
266,2,2,64,2,6,500,10,21,21,65,201,120,1,1,1,1,0,66.66666666666667
267,2,2,65,2,6,500,10,21,21,66,206,120,1,1,1,1,0,66.66666666666667
268,2,2,66,2,6,500,10,21,21,67,211,120,1,1,1,1,0,66.66666666666667
269,2,2,67,2,6,500,10,21,21,68,216,120,1,1,1,1,0,66.66666666666667
270,2,2,68,2,6,500,10,21,21,69,221,120,1,1,1,1,0,66.66666666666667
271,2,2,69,2,6,500,10,21,21,70,226,120,1,1,1,1,0,66.66666666666667
272,2,2,70,2,6,500,10,21,21,71,231,120,1,1,1,1,0,66.66666666666667
273,2,2,71,2,6,500,10,21,21,72,236,120,1,1,1,1,0,66.66666666666667
274,2,2,72,2,6,500,10,21,21,73,241,120,1,1,1,1,0,66.66666666666667
275,2,2,73,2,6,500,10,21,21,74,246,120,1,1,1,1,0,66.66666666666667
276,2,2,74,2,6,500,10,21,21,75,251,120,1,1,1,1,0,66.66666666666667
277,2,2,75,2,6,500,10,21,21,76,256,120,1,1,1,1,0,66.66666666666667
278,2,2,76,2,6,500,10,21,21,77,261,120,1,1,1,1,0,66.66666666666667
279,2,2,77,2,6,500,10,21,21,78,266,120,1,1,1,1,0,66.66666666666667
280,2,2,78,2,6,500,10,21,21,79,271,120,1,1,1,1,0,66.66666666666667
281,2,2,79,2,6,500,10,21,21,80,276,120,1,1,1,1,0,66.66666666666667
282,2,2,80,2,6,500,10,21,21,81,281,120,1,1,1,1,0,66.66666666666667
283,2,2,81,2,6,500,10,21,21,82,286,120,1,1,1,1,0,66.66666666666667
284,2,2,82,2,6,500,10,21,21,83,291,120,1,1,1,1,0,66.66666666666667
285,2,2,83,2,6,500,10,21,21,84,296,120,1,1,1,1,0,66.66666666666667
286,2,2,84,2,6,500,10,21,21,85,300,121,1,1,1,1,0,66.66666666666667
287,2,2,85,2,6,500,10,21,21,86,304,122,1,1,1,1,0,66.66666666666667
288,2,2,86,2,6,500,10,21,21,87,308,123,1,1,1,1,0,66.66666666666667
289,2,2,87,2,6,500,10,21,21,88,312,124,1,1,1,1,0,66.66666666666667
290,2,2,88,2,6,500,10,21,21,89,316,125,1,1,1,1,0,66.66666666666667
291,2,2,89,2,6,500,10,21,21,90,320,126,1,1,1,1,0,66.66666666666667
292,2,2,90,2,6,500,10,21,21,91,324,127,1,1,1,1,0,66.66666666666667
293,2,2,91,2,6,500,10,21,21,92,328,127,2,1,1,1,0,66.66666666666667
294,2,2,92,2,6,500,10,21,21,93,332,128,2,1,1,1,0,66.66666666666667
295,2,2,93,2,6,500,10,21,21,94,336,129,2,1,1,1,0,66.66666666666667
296,2,2,94,2,6,500,10,21,21,95,340,130,2,1,1,1,0,66.66666666666667
297,2,2,95,2,6,500,10,21,21,96,344,131,2,1,1,1,0,66.66666666666667
298,2,2,96,2,6,500,10,21,21,97,348,132,2,1,1,1,0,66.66666666666667
299,2,2,97,2,6,500,10,21,21,98,352,133,2,1,1,1,0,66.66666666666667
300,2,2,98,2,6,500,10,21,21,99,356,134,2,1,1,1,0,66.66666666666667
301,2,2,99,2,6,500,10,21,21,100,360,135,2,1,1,1,0,66.66666666666667
302,2,2,100,2,6,500,10,21,21,101,364,136,2,1,1,1,0,66.66666666666667
303,3,3,0,2,6,500,10,21,21,1,5,0,0,0,0,0,0,0.0
304,3,3,1,2,6,500,10,21,21,2,9,1,0,0,0,0,0,0.0
305,3,3,2,2,6,500,10,21,21,3,13,2,0,0,0,0,0,0.0
306,3,3,3,2,6,500,10,21,21,4,17,3,0,0,0,0,0,0.0
307,3,3,4,2,6,500,10,21,21,5,21,4,0,0,0,0,0,0.0
308,3,3,5,2,6,500,10,21,21,6,25,5,0,0,0,0,0,0.0
309,3,3,6,2,6,500,10,21,21,7,29,6,0,0,0,0,0,0.0
310,3,3,7,2,6,500,10,21,21,8,33,7,0,0,0,0,0,0.0
311,3,3,8,2,6,500,10,21,21,9,37,8,0,0,0,0,0,0.0
312,3,3,9,2,6,500,10,21,21,10,41,9,0,0,0,0,0,0.0
313,3,3,10,2,6,500,10,21,21,11,45,10,0,0,0,0,0,0.0
314,3,3,11,2,6,500,10,21,21,12,49,11,0,0,0,0,0,0.0
315,3,3,12,2,6,500,10,21,21,13,53,12,0,0,0,0,0,0.0
316,3,3,13,2,6,500,10,21,21,14,57,13,0,0,0,0,0,0.0
317,3,3,14,2,6,500,10,21,21,15,61,13,1,0,0,0,0,0.0
318,3,3,15,2,6,500,10,21,21,16,65,14,1,0,0,0,0,0.0
319,3,3,16,2,6,500,10,21,21,17,69,15,1,0,0,0,0,0.0
320,3,3,17,2,6,500,10,21,21,18,73,16,1,0,0,0,0,0.0
321,3,3,18,2,6,500,10,21,21,19,77,17,1,0,0,0,0,0.0
322,3,3,19,2,6,500,10,21,21,20,80,19,1,0,0,0,0,0.0
323,3,3,20,2,6,500,10,21,21,21,83,21,1,0,0,0,0,0.0
324,3,3,21,2,6,500,10,21,21,22,86,23,1,0,0,0,0,0.0
325,3,3,22,2,6,500,10,21,21,23,89,25,1,0,0,0,0,0.0
326,3,3,23,2,6,500,10,21,21,24,92,27,1,0,0,0,0,0.0
327,3,3,24,2,6,500,10,21,21,25,95,29,1,0,0,0,0,0.0
328,3,3,25,2,6,500,10,21,21,26,98,31,1,0,0,0,0,0.0
329,3,3,26,2,6,500,10,21,21,27,100,34,1,0,0,0,0,0.0
330,3,3,27,2,6,500,10,21,21,28,102,37,1,0,0,0,0,0.0
331,3,3,28,2,6,500,10,21,21,29,104,40,1,0,0,0,0,0.0
332,3,3,29,2,6,500,10,21,21,30,106,43,1,0,0,0,0,0.0
333,3,3,30,2,6,500,10,21,21,31,108,45,1,0,1,0,0,0.0
334,3,3,31,2,6,500,10,21,21,32,110,48,1,0,1,0,0,16.666666666666668
335,3,3,32,2,6,500,10,21,21,33,112,51,1,0,1,0,0,16.666666666666668
336,3,3,33,2,6,500,10,21,21,34,114,54,1,0,1,0,0,16.666666666666668
337,3,3,34,2,6,500,10,21,21,35,116,57,1,0,1,0,0,16.666666666666668
338,3,3,35,2,6,500,10,21,21,36,118,60,1,0,1,0,0,16.666666666666668
339,3,3,36,2,6,500,10,21,21,37,120,63,1,0,1,0,0,16.666666666666668
340,3,3,37,2,6,500,10,21,21,38,122,65,1,1,1,0,0,16.666666666666668
341,3,3,38,2,6,500,10,21,21,39,124,68,1,1,1,0,0,16.666666666666668
342,3,3,39,2,6,500,10,21,21,40,126,71,1,1,1,0,0,16.666666666666668
343,3,3,40,2,6,500,10,21,21,41,128,74,1,1,1,0,0,16.666666666666668
344,3,3,41,2,6,500,10,21,21,42,130,77,1,1,1,0,0,16.666666666666668
345,3,3,42,2,6,500,10,21,21,43,132,80,1,1,1,0,0,16.666666666666668
346,3,3,43,2,6,500,10,21,21,44,134,83,1,1,1,0,0,16.666666666666668
347,3,3,44,2,6,500,10,21,21,45,136,86,1,1,1,0,0,16.666666666666668
348,3,3,45,2,6,500,10,21,21,46,138,89,1,1,1,0,0,16.666666666666668
349,3,3,46,2,6,500,10,21,21,47,140,92,1,1,1,0,0,16.666666666666668
350,3,3,47,2,6,500,10,21,21,48,142,95,1,1,1,0,0,16.666666666666668
351,3,3,48,2,6,500,10,21,21,49,144,98,1,1,1,0,0,16.666666666666668
352,3,3,49,2,6,500,10,21,21,50,146,101,1,1,1,0,0,16.666666666666668
353,3,3,50,2,6,500,10,21,21,51,148,104,1,1,1,0,0,16.666666666666668
354,3,3,51,2,6,500,10,21,21,52,150,107,1,1,1,0,0,16.666666666666668
355,3,3,52,2,6,500,10,21,21,53,152,110,1,1,1,0,0,16.666666666666668
356,3,3,53,2,6,500,10,21,21,54,154,113,1,1,1,0,0,16.666666666666668
357,3,3,54,2,6,500,10,21,21,55,156,116,1,1,1,0,0,16.666666666666668
358,3,3,55,2,6,500,10,21,21,56,158,119,1,1,1,0,0,16.666666666666668
359,3,3,56,2,6,500,10,21,21,57,160,122,1,1,1,0,0,16.666666666666668
360,3,3,57,2,6,500,10,21,21,58,162,125,1,1,1,0,0,16.666666666666668
361,3,3,58,2,6,500,10,21,21,59,163,129,1,1,1,0,0,16.666666666666668
362,3,3,59,2,6,500,10,21,21,60,164,133,1,1,1,0,0,16.666666666666668
363,3,3,60,2,6,500,10,21,21,61,165,137,1,1,1,0,0,16.666666666666668
364,3,3,61,2,6,500,10,21,21,62,166,141,1,1,1,0,0,16.666666666666668
365,3,3,62,2,6,500,10,21,21,63,167,145,1,1,1,0,0,16.666666666666668
366,3,3,63,2,6,500,10,21,21,64,168,149,1,1,1,0,0,33.333333333333336
367,3,3,64,2,6,500,10,21,21,65,170,151,1,1,1,1,0,33.333333333333336
368,3,3,65,2,6,500,10,21,21,66,172,153,1,1,1,1,0,50.0
369,3,3,66,2,6,500,10,21,21,67,175,155,1,1,1,1,0,50.0
370,3,3,67,2,6,500,10,21,21,68,178,157,1,1,1,1,0,50.0
371,3,3,68,2,6,500,10,21,21,69,181,159,1,1,1,1,0,50.0
372,3,3,69,2,6,500,10,21,21,70,184,160,2,1,1,1,0,50.0
373,3,3,70,2,6,500,10,21,21,71,187,162,2,1,1,1,0,50.0
374,3,3,71,2,6,500,10,21,21,72,190,164,2,1,1,1,0,50.0
375,3,3,72,2,6,500,10,21,21,73,192,167,2,1,1,1,0,50.0
376,3,3,73,2,6,500,10,21,21,74,194,170,2,1,1,1,0,66.66666666666667
377,3,3,74,2,6,500,10,21,21,75,196,172,2,2,1,1,0,66.66666666666667
378,3,3,75,2,6,500,10,21,21,76,198,174,2,3,1,1,0,66.66666666666667
379,3,3,76,2,6,500,10,21,21,77,199,177,2,4,1,1,0,66.66666666666667
380,3,3,77,2,6,500,10,21,21,78,200,180,2,5,1,1,0,66.66666666666667
381,3,3,78,2,6,500,10,21,21,79,201,183,2,5,1,1,0,66.66666666666667
382,3,3,79,2,6,500,10,21,21,80,202,186,2,5,1,1,0,66.66666666666667
383,3,3,80,2,6,500,10,21,21,81,203,189,2,5,1,1,0,66.66666666666667
384,3,3,81,2,6,500,10,21,21,82,204,192,2,5,1,1,0,66.66666666666667
385,3,3,82,2,6,500,10,21,21,83,205,195,2,5,1,1,0,66.66666666666667
386,3,3,83,2,6,500,10,21,21,84,206,198,2,5,1,1,0,66.66666666666667
387,3,3,84,2,6,500,10,21,21,85,207,200,2,5,1,1,0,66.66666666666667
388,3,3,85,2,6,500,10,21,21,86,208,202,2,5,1,1,0,66.66666666666667
389,3,3,86,2,6,500,10,21,21,87,209,205,2,5,1,1,0,66.66666666666667
390,3,3,87,2,6,500,10,21,21,88,210,208,2,5,1,1,0,66.66666666666667
391,3,3,88,2,6,500,10,21,21,89,211,211,2,5,1,1,0,66.66666666666667
392,3,3,89,2,6,500,10,21,21,90,212,214,2,5,1,1,0,66.66666666666667
393,3,3,90,2,6,500,10,21,21,91,213,217,2,5,1,1,0,66.66666666666667
394,3,3,91,2,6,500,10,21,21,92,214,219,2,5,1,1,0,66.66666666666667
395,3,3,92,2,6,500,10,21,21,93,215,222,2,5,1,1,0,66.66666666666667
396,3,3,93,2,6,500,10,21,21,94,216,225,2,5,1,1,0,66.66666666666667
397,3,3,94,2,6,500,10,21,21,95,217,227,2,5,1,1,0,66.66666666666667
398,3,3,95,2,6,500,10,21,21,96,218,230,2,5,1,1,0,66.66666666666667
399,3,3,96,2,6,500,10,21,21,97,219,233,2,5,1,1,0,66.66666666666667
400,3,3,97,2,6,500,10,21,21,98,220,236,2,5,1,1,0,66.66666666666667
401,3,3,98,2,6,500,10,21,21,99,221,239,2,5,1,1,0,66.66666666666667
402,3,3,99,2,6,500,10,21,21,100,222,242,2,5,1,1,0,66.66666666666667
403,3,3,100,2,6,500,10,21,21,101,223,245,2,5,1,1,0,66.66666666666667
404,4,4,0,2,6,500,10,21,21,1,5,0,0,0,0,0,0,0.0
405,4,4,1,2,6,500,10,21,21,2,10,0,0,0,0,0,0,0.0
406,4,4,2,2,6,500,10,21,21,3,15,0,0,0,0,0,0,0.0
407,4,4,3,2,6,500,10,21,21,4,20,0,0,0,0,0,0,0.0
408,4,4,4,2,6,500,10,21,21,5,25,0,0,0,0,0,0,0.0
409,4,4,5,2,6,500,10,21,21,6,29,1,0,0,0,0,0,0.0
410,4,4,6,2,6,500,10,21,21,7,33,2,0,0,0,0,0,0.0
411,4,4,7,2,6,500,10,21,21,8,37,3,0,0,0,0,0,0.0
412,4,4,8,2,6,500,10,21,21,9,41,4,0,0,0,0,0,0.0
413,4,4,9,2,6,500,10,21,21,10,45,5,0,0,0,0,0,0.0
414,4,4,10,2,6,500,10,21,21,11,49,5,1,0,0,0,0,0.0
415,4,4,11,2,6,500,10,21,21,12,53,6,1,0,0,0,0,0.0
416,4,4,12,2,6,500,10,21,21,13,57,7,1,0,0,0,0,0.0
417,4,4,13,2,6,500,10,21,21,14,61,8,1,0,0,0,0,0.0
418,4,4,14,2,6,500,10,21,21,15,65,9,1,0,0,0,0,0.0
419,4,4,15,2,6,500,10,21,21,16,69,10,1,0,0,0,0,0.0
420,4,4,16,2,6,500,10,21,21,17,73,11,1,0,0,0,0,0.0
421,4,4,17,2,6,500,10,21,21,18,77,12,1,0,0,0,0,0.0
422,4,4,18,2,6,500,10,21,21,19,81,13,1,0,0,0,0,0.0
423,4,4,19,2,6,500,10,21,21,20,85,14,1,0,0,0,0,0.0
424,4,4,20,2,6,500,10,21,21,21,89,15,1,0,0,0,0,0.0
425,4,4,21,2,6,500,10,21,21,22,93,16,1,0,0,0,0,0.0
426,4,4,22,2,6,500,10,21,21,23,97,17,1,0,0,0,0,0.0
427,4,4,23,2,6,500,10,21,21,24,101,18,1,0,0,0,0,0.0
428,4,4,24,2,6,500,10,21,21,25,105,19,1,0,0,0,0,0.0
429,4,4,25,2,6,500,10,21,21,26,109,20,1,0,0,0,0,0.0
430,4,4,26,2,6,500,10,21,21,27,113,21,1,0,0,0,0,0.0
431,4,4,27,2,6,500,10,21,21,28,117,22,1,0,0,0,0,0.0
432,4,4,28,2,6,500,10,21,21,29,121,23,1,0,0,0,0,0.0
433,4,4,29,2,6,500,10,21,21,30,124,25,1,0,0,0,0,0.0
434,4,4,30,2,6,500,10,21,21,31,127,27,1,0,0,0,0,16.666666666666668
435,4,4,31,2,6,500,10,21,21,32,131,28,1,0,0,0,0,16.666666666666668
436,4,4,32,2,6,500,10,21,21,33,134,29,1,1,0,0,0,16.666666666666668
437,4,4,33,2,6,500,10,21,21,34,137,31,1,1,0,0,0,16.666666666666668
438,4,4,34,2,6,500,10,21,21,35,140,33,1,1,0,0,0,16.666666666666668
439,4,4,35,2,6,500,10,21,21,36,142,36,1,1,0,0,0,16.666666666666668
440,4,4,36,2,6,500,10,21,21,37,144,39,1,1,0,0,0,16.666666666666668
441,4,4,37,2,6,500,10,21,21,38,146,42,1,1,0,0,0,16.666666666666668
442,4,4,38,2,6,500,10,21,21,39,148,45,1,1,0,0,0,16.666666666666668
443,4,4,39,2,6,500,10,21,21,40,150,48,1,1,0,0,0,16.666666666666668
444,4,4,40,2,6,500,10,21,21,41,152,51,1,1,0,0,0,16.666666666666668
445,4,4,41,2,6,500,10,21,21,42,154,54,1,1,0,0,0,16.666666666666668
446,4,4,42,2,6,500,10,21,21,43,156,57,1,1,0,0,0,16.666666666666668
447,4,4,43,2,6,500,10,21,21,44,158,60,1,1,0,0,0,16.666666666666668
448,4,4,44,2,6,500,10,21,21,45,160,63,1,1,0,0,0,16.666666666666668
449,4,4,45,2,6,500,10,21,21,46,162,66,1,1,0,0,0,16.666666666666668
450,4,4,46,2,6,500,10,21,21,47,164,69,1,1,0,0,0,16.666666666666668
451,4,4,47,2,6,500,10,21,21,48,166,72,1,1,0,0,0,16.666666666666668
452,4,4,48,2,6,500,10,21,21,49,168,75,1,1,0,0,0,16.666666666666668
453,4,4,49,2,6,500,10,21,21,50,170,78,1,1,0,0,0,16.666666666666668
454,4,4,50,2,6,500,10,21,21,51,172,81,1,1,0,0,0,16.666666666666668
455,4,4,51,2,6,500,10,21,21,52,174,84,1,1,0,0,0,16.666666666666668
456,4,4,52,2,6,500,10,21,21,53,176,87,1,1,0,0,0,16.666666666666668
457,4,4,53,2,6,500,10,21,21,54,178,90,1,1,0,0,0,33.333333333333336
458,4,4,54,2,6,500,10,21,21,55,181,92,1,1,0,0,0,33.333333333333336
459,4,4,55,2,6,500,10,21,21,56,184,94,1,1,0,0,0,33.333333333333336
460,4,4,56,2,6,500,10,21,21,57,187,95,1,1,1,0,0,33.333333333333336
461,4,4,57,2,6,500,10,21,21,58,190,97,1,1,1,0,0,33.333333333333336
462,4,4,58,2,6,500,10,21,21,59,193,99,1,1,1,0,0,33.333333333333336
463,4,4,59,2,6,500,10,21,21,60,196,100,1,1,1,0,0,33.333333333333336
464,4,4,60,2,6,500,10,21,21,61,199,101,1,1,1,0,0,33.333333333333336
465,4,4,61,2,6,500,10,21,21,62,202,102,1,1,1,0,0,33.333333333333336
466,4,4,62,2,6,500,10,21,21,63,205,103,1,1,1,0,0,33.333333333333336
467,4,4,63,2,6,500,10,21,21,64,208,104,1,1,1,0,0,33.333333333333336
468,4,4,64,2,6,500,10,21,21,65,211,105,1,1,1,0,0,33.333333333333336
469,4,4,65,2,6,500,10,21,21,66,214,106,1,1,1,0,0,33.333333333333336
470,4,4,66,2,6,500,10,21,21,67,217,107,1,1,1,0,0,33.333333333333336
471,4,4,67,2,6,500,10,21,21,68,220,108,1,1,1,0,0,33.333333333333336
472,4,4,68,2,6,500,10,21,21,69,223,109,1,1,1,0,0,33.333333333333336
473,4,4,69,2,6,500,10,21,21,70,226,110,1,1,1,0,0,33.333333333333336
474,4,4,70,2,6,500,10,21,21,71,229,111,1,1,1,0,0,33.333333333333336
475,4,4,71,2,6,500,10,21,21,72,232,112,1,1,1,0,0,33.333333333333336
476,4,4,72,2,6,500,10,21,21,73,235,113,1,1,1,0,0,33.333333333333336
477,4,4,73,2,6,500,10,21,21,74,238,115,1,1,1,0,0,33.333333333333336
478,4,4,74,2,6,500,10,21,21,75,241,117,1,1,1,0,0,33.333333333333336
479,4,4,75,2,6,500,10,21,21,76,244,119,1,1,1,0,0,33.333333333333336
480,4,4,76,2,6,500,10,21,21,77,247,121,1,1,1,0,0,33.333333333333336
481,4,4,77,2,6,500,10,21,21,78,250,123,1,1,1,0,0,33.333333333333336
482,4,4,78,2,6,500,10,21,21,79,253,125,1,1,1,0,0,33.333333333333336
483,4,4,79,2,6,500,10,21,21,80,256,127,1,1,1,0,0,33.333333333333336
484,4,4,80,2,6,500,10,21,21,81,259,128,2,1,1,0,0,33.333333333333336
485,4,4,81,2,6,500,10,21,21,82,262,130,2,1,1,0,0,33.333333333333336
486,4,4,82,2,6,500,10,21,21,83,265,132,2,1,1,0,0,33.333333333333336
487,4,4,83,2,6,500,10,21,21,84,268,134,2,1,1,0,0,33.333333333333336
488,4,4,84,2,6,500,10,21,21,85,271,136,2,1,1,0,0,50.0
489,4,4,85,2,6,500,10,21,21,86,275,137,2,1,1,0,0,50.0
490,4,4,86,2,6,500,10,21,21,87,279,138,2,1,1,0,0,50.0
491,4,4,87,2,6,500,10,21,21,88,283,139,2,1,1,0,0,50.0
492,4,4,88,2,6,500,10,21,21,89,287,140,2,1,1,0,0,50.0
493,4,4,89,2,6,500,10,21,21,90,291,141,2,1,1,0,0,50.0
494,4,4,90,2,6,500,10,21,21,91,295,142,2,1,1,0,0,50.0
495,4,4,91,2,6,500,10,21,21,92,299,143,2,1,1,0,0,50.0
496,4,4,92,2,6,500,10,21,21,93,303,144,2,1,1,0,0,50.0
497,4,4,93,2,6,500,10,21,21,94,307,145,2,1,1,0,0,50.0
498,4,4,94,2,6,500,10,21,21,95,311,146,2,1,1,0,0,50.0
499,4,4,95,2,6,500,10,21,21,96,315,147,2,1,1,0,0,50.0
500,4,4,96,2,6,500,10,21,21,97,319,148,2,1,1,0,0,50.0
501,4,4,97,2,6,500,10,21,21,98,323,149,2,1,1,0,0,50.0
502,4,4,98,2,6,500,10,21,21,99,327,150,2,1,1,0,0,50.0
503,4,4,99,2,6,500,10,21,21,100,331,151,2,1,1,0,0,50.0
504,4,4,100,2,6,500,10,21,21,101,335,152,2,1,1,0,0,50.0
505,5,5,0,2,6,500,10,21,21,1,5,0,0,0,0,0,0,0.0
506,5,5,1,2,6,500,10,21,21,2,8,2,0,0,0,0,0,0.0
507,5,5,2,2,6,500,10,21,21,3,11,4,0,0,0,0,0,0.0
508,5,5,3,2,6,500,10,21,21,4,14,6,0,0,0,0,0,0.0
509,5,5,4,2,6,500,10,21,21,5,17,8,0,0,0,0,0,0.0
510,5,5,5,2,6,500,10,21,21,6,20,10,0,0,0,0,0,0.0
511,5,5,6,2,6,500,10,21,21,7,23,12,0,0,0,0,0,0.0
512,5,5,7,2,6,500,10,21,21,8,26,14,0,0,0,0,0,0.0
513,5,5,8,2,6,500,10,21,21,9,29,16,0,0,0,0,0,0.0
514,5,5,9,2,6,500,10,21,21,10,32,18,0,0,0,0,0,0.0
515,5,5,10,2,6,500,10,21,21,11,35,20,0,0,0,0,0,0.0
516,5,5,11,2,6,500,10,21,21,12,38,22,0,0,0,0,0,0.0
517,5,5,12,2,6,500,10,21,21,13,41,24,0,0,0,0,0,0.0
518,5,5,13,2,6,500,10,21,21,14,44,26,0,0,0,0,0,0.0
519,5,5,14,2,6,500,10,21,21,15,47,28,0,0,0,0,0,0.0
520,5,5,15,2,6,500,10,21,21,16,50,30,0,0,0,0,0,0.0
521,5,5,16,2,6,500,10,21,21,17,53,32,0,0,0,0,0,0.0
522,5,5,17,2,6,500,10,21,21,18,56,34,0,0,0,0,0,0.0
523,5,5,18,2,6,500,10,21,21,19,59,36,0,0,0,0,0,0.0
524,5,5,19,2,6,500,10,21,21,20,62,38,0,0,0,0,0,0.0
525,5,5,20,2,6,500,10,21,21,21,65,39,0,1,0,0,0,0.0
526,5,5,21,2,6,500,10,21,21,22,68,41,0,1,0,0,0,0.0
527,5,5,22,2,6,500,10,21,21,23,71,43,0,1,0,0,0,0.0
528,5,5,23,2,6,500,10,21,21,24,74,45,0,1,0,0,0,0.0
529,5,5,24,2,6,500,10,21,21,25,77,47,0,1,0,0,0,0.0
530,5,5,25,2,6,500,10,21,21,26,80,49,0,1,0,0,0,0.0
531,5,5,26,2,6,500,10,21,21,27,83,51,0,1,0,0,0,0.0
532,5,5,27,2,6,500,10,21,21,28,85,54,0,1,0,0,0,0.0
533,5,5,28,2,6,500,10,21,21,29,87,57,0,1,0,0,0,0.0
534,5,5,29,2,6,500,10,21,21,30,89,59,0,1,0,0,0,0.0
535,5,5,30,2,6,500,10,21,21,31,91,62,0,1,0,0,0,0.0
536,5,5,31,2,6,500,10,21,21,32,93,65,0,1,0,0,0,0.0
537,5,5,32,2,6,500,10,21,21,33,95,68,0,1,0,0,0,0.0
538,5,5,33,2,6,500,10,21,21,34,97,71,0,1,0,0,0,0.0
539,5,5,34,2,6,500,10,21,21,35,99,74,0,1,0,0,0,0.0
540,5,5,35,2,6,500,10,21,21,36,101,77,0,1,0,0,0,0.0
541,5,5,36,2,6,500,10,21,21,37,103,80,0,1,0,0,0,0.0
542,5,5,37,2,6,500,10,21,21,38,105,83,0,1,0,0,0,0.0
543,5,5,38,2,6,500,10,21,21,39,107,86,0,1,0,0,0,0.0
544,5,5,39,2,6,500,10,21,21,40,109,89,0,1,0,0,0,0.0
545,5,5,40,2,6,500,10,21,21,41,111,91,0,1,1,0,0,0.0
546,5,5,41,2,6,500,10,21,21,42,113,94,0,1,1,0,0,0.0
547,5,5,42,2,6,500,10,21,21,43,115,97,0,1,1,0,0,0.0
548,5,5,43,2,6,500,10,21,21,44,117,100,0,1,1,0,0,16.666666666666668
549,5,5,44,2,6,500,10,21,21,45,120,102,0,1,1,0,0,16.666666666666668
550,5,5,45,2,6,500,10,21,21,46,123,104,0,1,1,0,0,16.666666666666668
551,5,5,46,2,6,500,10,21,21,47,125,107,0,1,1,0,0,16.666666666666668
552,5,5,47,2,6,500,10,21,21,48,127,110,0,1,1,0,0,16.666666666666668
553,5,5,48,2,6,500,10,21,21,49,129,113,0,1,1,0,0,16.666666666666668
554,5,5,49,2,6,500,10,21,21,50,131,116,0,1,1,0,0,16.666666666666668
555,5,5,50,2,6,500,10,21,21,51,133,119,0,1,1,0,0,16.666666666666668
556,5,5,51,2,6,500,10,21,21,52,135,121,1,1,1,0,0,16.666666666666668
557,5,5,52,2,6,500,10,21,21,53,137,124,1,1,1,0,0,16.666666666666668
558,5,5,53,2,6,500,10,21,21,54,139,127,1,1,1,0,0,16.666666666666668
559,5,5,54,2,6,500,10,21,21,55,141,130,1,1,1,0,0,16.666666666666668
560,5,5,55,2,6,500,10,21,21,56,143,133,1,1,1,0,0,16.666666666666668
561,5,5,56,2,6,500,10,21,21,57,145,136,1,1,1,0,0,16.666666666666668
562,5,5,57,2,6,500,10,21,21,58,147,138,1,2,1,0,0,16.666666666666668
563,5,5,58,2,6,500,10,21,21,59,149,141,1,2,1,0,0,16.666666666666668
564,5,5,59,2,6,500,10,21,21,60,150,145,1,2,1,0,0,16.666666666666668
565,5,5,60,2,6,500,10,21,21,61,151,149,1,2,1,0,0,16.666666666666668
566,5,5,61,2,6,500,10,21,21,62,152,153,1,2,1,0,0,16.666666666666668
567,5,5,62,2,6,500,10,21,21,63,153,157,1,2,1,0,0,16.666666666666668
568,5,5,63,2,6,500,10,21,21,64,154,161,1,2,1,0,0,16.666666666666668
569,5,5,64,2,6,500,10,21,21,65,155,165,1,2,1,0,0,33.333333333333336
570,5,5,65,2,6,500,10,21,21,66,157,168,1,2,1,0,0,33.333333333333336
571,5,5,66,2,6,500,10,21,21,67,159,171,1,2,1,0,0,50.0
572,5,5,67,2,6,500,10,21,21,68,162,173,1,2,1,0,0,50.0
573,5,5,68,2,6,500,10,21,21,69,165,175,1,2,1,0,0,50.0
574,5,5,69,2,6,500,10,21,21,70,168,177,1,2,1,0,0,50.0
575,5,5,70,2,6,500,10,21,21,71,171,179,1,2,1,0,0,50.0
576,5,5,71,2,6,500,10,21,21,72,174,180,1,2,1,1,0,50.0
577,5,5,72,2,6,500,10,21,21,73,177,182,1,2,1,1,0,50.0
578,5,5,73,2,6,500,10,21,21,74,180,184,1,2,1,1,0,50.0
579,5,5,74,2,6,500,10,21,21,75,183,186,1,2,1,1,0,50.0
580,5,5,75,2,6,500,10,21,21,76,186,188,1,2,1,1,0,50.0
581,5,5,76,2,6,500,10,21,21,77,189,190,1,2,1,1,0,50.0
582,5,5,77,2,6,500,10,21,21,78,192,192,1,2,1,1,0,50.0
583,5,5,78,2,6,500,10,21,21,79,195,194,1,2,1,1,0,50.0
584,5,5,79,2,6,500,10,21,21,80,198,196,1,2,1,1,0,50.0
585,5,5,80,2,6,500,10,21,21,81,201,198,1,2,1,1,0,50.0
586,5,5,81,2,6,500,10,21,21,82,204,200,1,2,1,1,0,50.0
587,5,5,82,2,6,500,10,21,21,83,207,202,1,2,1,1,0,50.0
588,5,5,83,2,6,500,10,21,21,84,210,204,1,2,1,1,0,50.0
589,5,5,84,2,6,500,10,21,21,85,213,206,1,2,1,1,0,50.0
590,5,5,85,2,6,500,10,21,21,86,216,208,1,2,1,1,0,50.0
591,5,5,86,2,6,500,10,21,21,87,219,210,1,2,1,1,0,50.0
592,5,5,87,2,6,500,10,21,21,88,222,212,1,2,1,1,0,50.0
593,5,5,88,2,6,500,10,21,21,89,225,214,1,2,1,1,0,50.0
594,5,5,89,2,6,500,10,21,21,90,228,216,1,2,1,1,0,50.0
595,5,5,90,2,6,500,10,21,21,91,231,218,1,2,1,1,0,50.0
596,5,5,91,2,6,500,10,21,21,92,234,220,1,2,1,1,0,50.0
597,5,5,92,2,6,500,10,21,21,93,237,222,1,2,1,1,0,50.0
598,5,5,93,2,6,500,10,21,21,94,240,224,1,2,1,1,0,50.0
599,5,5,94,2,6,500,10,21,21,95,243,226,1,2,1,1,0,50.0
600,5,5,95,2,6,500,10,21,21,96,246,228,1,2,1,1,0,50.0
601,5,5,96,2,6,500,10,21,21,97,249,230,1,2,1,1,0,50.0
602,5,5,97,2,6,500,10,21,21,98,252,232,1,2,1,1,0,50.0
603,5,5,98,2,6,500,10,21,21,99,255,234,1,2,1,1,0,66.66666666666667
604,5,5,99,2,6,500,10,21,21,100,259,235,1,2,1,1,0,66.66666666666667
605,5,5,100,2,6,500,10,21,21,101,263,236,1,2,1,1,0,66.66666666666667
606,6,6,0,2,6,500,10,21,21,1,5,0,0,0,0,0,0,0.0
607,6,6,1,2,6,500,10,21,21,2,10,0,0,0,0,0,0,0.0
608,6,6,2,2,6,500,10,21,21,3,15,0,0,0,0,0,0,0.0
609,6,6,3,2,6,500,10,21,21,4,20,0,0,0,0,0,0,0.0
610,6,6,4,2,6,500,10,21,21,5,24,1,0,0,0,0,0,0.0
611,6,6,5,2,6,500,10,21,21,6,28,2,0,0,0,0,0,0.0
612,6,6,6,2,6,500,10,21,21,7,32,3,0,0,0,0,0,0.0
613,6,6,7,2,6,500,10,21,21,8,36,4,0,0,0,0,0,0.0
614,6,6,8,2,6,500,10,21,21,9,40,5,0,0,0,0,0,0.0
615,6,6,9,2,6,500,10,21,21,10,44,6,0,0,0,0,0,0.0
616,6,6,10,2,6,500,10,21,21,11,48,7,0,0,0,0,0,0.0
617,6,6,11,2,6,500,10,21,21,12,52,8,0,0,0,0,0,0.0
618,6,6,12,2,6,500,10,21,21,13,56,9,0,0,0,0,0,0.0
619,6,6,13,2,6,500,10,21,21,14,60,10,0,0,0,0,0,0.0
620,6,6,14,2,6,500,10,21,21,15,64,11,0,0,0,0,0,0.0
621,6,6,15,2,6,500,10,21,21,16,68,12,0,0,0,0,0,0.0
622,6,6,16,2,6,500,10,21,21,17,72,13,0,0,0,0,0,0.0
623,6,6,17,2,6,500,10,21,21,18,76,14,0,0,0,0,0,0.0
624,6,6,18,2,6,500,10,21,21,19,80,15,0,0,0,0,0,0.0
625,6,6,19,2,6,500,10,21,21,20,84,16,0,0,0,0,0,0.0
626,6,6,20,2,6,500,10,21,21,21,88,17,0,0,0,0,0,0.0
627,6,6,21,2,6,500,10,21,21,22,92,18,0,0,0,0,0,0.0
628,6,6,22,2,6,500,10,21,21,23,96,19,0,0,0,0,0,0.0
629,6,6,23,2,6,500,10,21,21,24,100,20,0,0,0,0,0,0.0
630,6,6,24,2,6,500,10,21,21,25,104,21,0,0,0,0,0,0.0
631,6,6,25,2,6,500,10,21,21,26,108,22,0,0,0,0,0,0.0
632,6,6,26,2,6,500,10,21,21,27,112,22,0,0,0,0,0,0.0
633,6,6,27,2,6,500,10,21,21,28,116,23,0,0,0,0,0,0.0
634,6,6,28,2,6,500,10,21,21,29,120,24,0,0,0,0,0,0.0
635,6,6,29,2,6,500,10,21,21,30,124,24,1,0,0,0,0,0.0
636,6,6,30,2,6,500,10,21,21,31,128,25,1,0,0,0,0,0.0
637,6,6,31,2,6,500,10,21,21,32,132,26,1,0,0,0,0,0.0
638,6,6,32,2,6,500,10,21,21,33,136,27,1,0,0,0,0,0.0
639,6,6,33,2,6,500,10,21,21,34,140,28,1,0,0,0,0,0.0
640,6,6,34,2,6,500,10,21,21,35,144,29,1,0,0,0,0,0.0
641,6,6,35,2,6,500,10,21,21,36,148,30,1,0,0,0,0,0.0
642,6,6,36,2,6,500,10,21,21,37,152,31,1,0,0,0,0,0.0
643,6,6,37,2,6,500,10,21,21,38,156,32,1,0,0,0,0,0.0
644,6,6,38,2,6,500,10,21,21,39,160,33,1,0,0,0,0,0.0
645,6,6,39,2,6,500,10,21,21,40,163,35,1,0,0,0,0,0.0
646,6,6,40,2,6,500,10,21,21,41,166,37,1,0,0,0,0,0.0
647,6,6,41,2,6,500,10,21,21,42,169,39,1,0,0,0,0,0.0
648,6,6,42,2,6,500,10,21,21,43,172,41,1,0,0,0,0,0.0
649,6,6,43,2,6,500,10,21,21,44,175,43,1,0,0,0,0,0.0
650,6,6,44,2,6,500,10,21,21,45,178,45,1,0,0,0,0,0.0
651,6,6,45,2,6,500,10,21,21,46,181,47,1,0,0,0,0,0.0
652,6,6,46,2,6,500,10,21,21,47,184,49,1,0,0,0,0,0.0
653,6,6,47,2,6,500,10,21,21,48,187,51,1,0,0,0,0,0.0
654,6,6,48,2,6,500,10,21,21,49,190,53,1,0,0,0,0,0.0
655,6,6,49,2,6,500,10,21,21,50,193,55,1,0,0,0,0,0.0
656,6,6,50,2,6,500,10,21,21,51,196,57,1,0,0,0,0,0.0
657,6,6,51,2,6,500,10,21,21,52,199,59,1,0,0,0,0,0.0
658,6,6,52,2,6,500,10,21,21,53,202,61,1,0,0,0,0,0.0
659,6,6,53,2,6,500,10,21,21,54,205,63,1,0,0,0,0,0.0
660,6,6,54,2,6,500,10,21,21,55,208,65,1,0,0,0,0,0.0
661,6,6,55,2,6,500,10,21,21,56,211,67,1,0,0,0,0,0.0
662,6,6,56,2,6,500,10,21,21,57,214,69,1,0,0,0,0,0.0
663,6,6,57,2,6,500,10,21,21,58,217,71,1,0,0,0,0,0.0
664,6,6,58,2,6,500,10,21,21,59,220,73,1,0,0,0,0,0.0
665,6,6,59,2,6,500,10,21,21,60,223,75,1,0,0,0,0,0.0
666,6,6,60,2,6,500,10,21,21,61,226,77,1,0,0,0,0,16.666666666666668
667,6,6,61,2,6,500,10,21,21,62,230,78,1,0,0,0,0,16.666666666666668
668,6,6,62,2,6,500,10,21,21,63,234,79,1,0,0,0,0,16.666666666666668
669,6,6,63,2,6,500,10,21,21,64,238,80,1,0,0,0,0,16.666666666666668
670,6,6,64,2,6,500,10,21,21,65,242,81,1,0,0,0,0,16.666666666666668
671,6,6,65,2,6,500,10,21,21,66,246,82,1,0,0,0,0,16.666666666666668
672,6,6,66,2,6,500,10,21,21,67,250,83,1,0,0,0,0,16.666666666666668
673,6,6,67,2,6,500,10,21,21,68,254,84,1,0,0,0,0,16.666666666666668
674,6,6,68,2,6,500,10,21,21,69,258,85,1,0,0,0,0,16.666666666666668
675,6,6,69,2,6,500,10,21,21,70,261,87,1,0,0,0,0,16.666666666666668
676,6,6,70,2,6,500,10,21,21,71,264,89,1,0,0,0,0,16.666666666666668
677,6,6,71,2,6,500,10,21,21,72,267,91,1,0,0,0,0,16.666666666666668
678,6,6,72,2,6,500,10,21,21,73,270,93,1,0,0,0,0,16.666666666666668
679,6,6,73,2,6,500,10,21,21,74,273,95,1,0,0,0,0,16.666666666666668
680,6,6,74,2,6,500,10,21,21,75,276,97,1,0,0,0,0,16.666666666666668
681,6,6,75,2,6,500,10,21,21,76,279,99,1,0,0,0,0,16.666666666666668
682,6,6,76,2,6,500,10,21,21,77,282,101,1,0,0,0,0,16.666666666666668
683,6,6,77,2,6,500,10,21,21,78,285,103,1,0,0,0,0,16.666666666666668
684,6,6,78,2,6,500,10,21,21,79,288,105,1,0,0,0,0,16.666666666666668
685,6,6,79,2,6,500,10,21,21,80,291,107,1,0,0,0,0,16.666666666666668
686,6,6,80,2,6,500,10,21,21,81,294,109,1,0,0,0,0,16.666666666666668
687,6,6,81,2,6,500,10,21,21,82,297,110,2,0,0,0,0,16.666666666666668
688,6,6,82,2,6,500,10,21,21,83,300,112,2,0,0,0,0,16.666666666666668
689,6,6,83,2,6,500,10,21,21,84,303,114,2,0,0,0,0,16.666666666666668
690,6,6,84,2,6,500,10,21,21,85,306,116,2,0,0,0,0,16.666666666666668
691,6,6,85,2,6,500,10,21,21,86,309,118,2,0,0,0,0,16.666666666666668
692,6,6,86,2,6,500,10,21,21,87,312,120,2,0,0,0,0,16.666666666666668
693,6,6,87,2,6,500,10,21,21,88,315,122,2,0,0,0,0,16.666666666666668
694,6,6,88,2,6,500,10,21,21,89,318,123,2,1,0,0,0,16.666666666666668
695,6,6,89,2,6,500,10,21,21,90,321,125,2,1,0,0,0,16.666666666666668
696,6,6,90,2,6,500,10,21,21,91,324,127,2,1,0,0,0,16.666666666666668
697,6,6,91,2,6,500,10,21,21,92,327,129,2,1,0,0,0,16.666666666666668
698,6,6,92,2,6,500,10,21,21,93,330,131,2,1,0,0,0,16.666666666666668
699,6,6,93,2,6,500,10,21,21,94,333,133,2,1,0,0,0,16.666666666666668
700,6,6,94,2,6,500,10,21,21,95,336,135,2,1,0,0,0,16.666666666666668
701,6,6,95,2,6,500,10,21,21,96,339,137,2,1,0,0,0,33.333333333333336
702,6,6,96,2,6,500,10,21,21,97,343,138,2,1,0,0,0,33.333333333333336
703,6,6,97,2,6,500,10,21,21,98,347,139,2,1,0,0,0,33.333333333333336
704,6,6,98,2,6,500,10,21,21,99,351,140,2,1,0,0,0,33.333333333333336
705,6,6,99,2,6,500,10,21,21,100,355,141,2,1,0,0,0,33.333333333333336
706,6,6,100,2,6,500,10,21,21,101,359,142,2,1,0,0,0,33.333333333333336
707,7,7,0,2,6,500,10,21,21,1,5,0,0,0,0,0,0,0.0
708,7,7,1,2,6,500,10,21,21,2,10,0,0,0,0,0,0,0.0
709,7,7,2,2,6,500,10,21,21,3,15,0,0,0,0,0,0,0.0
710,7,7,3,2,6,500,10,21,21,4,20,0,0,0,0,0,0,0.0
711,7,7,4,2,6,500,10,21,21,5,25,0,0,0,0,0,0,0.0
712,7,7,5,2,6,500,10,21,21,6,29,1,0,0,0,0,0,0.0
713,7,7,6,2,6,500,10,21,21,7,33,2,0,0,0,0,0,0.0
714,7,7,7,2,6,500,10,21,21,8,37,3,0,0,0,0,0,0.0
715,7,7,8,2,6,500,10,21,21,9,41,4,0,0,0,0,0,0.0
716,7,7,9,2,6,500,10,21,21,10,45,5,0,0,0,0,0,0.0
717,7,7,10,2,6,500,10,21,21,11,49,6,0,0,0,0,0,0.0
718,7,7,11,2,6,500,10,21,21,12,53,7,0,0,0,0,0,0.0
719,7,7,12,2,6,500,10,21,21,13,57,8,0,0,0,0,0,0.0
720,7,7,13,2,6,500,10,21,21,14,61,9,0,0,0,0,0,0.0
721,7,7,14,2,6,500,10,21,21,15,65,10,0,0,0,0,0,0.0
722,7,7,15,2,6,500,10,21,21,16,69,11,0,0,0,0,0,0.0
723,7,7,16,2,6,500,10,21,21,17,73,12,0,0,0,0,0,0.0
724,7,7,17,2,6,500,10,21,21,18,77,12,1,0,0,0,0,0.0
725,7,7,18,2,6,500,10,21,21,19,81,13,1,0,0,0,0,0.0
726,7,7,19,2,6,500,10,21,21,20,84,15,1,0,0,0,0,0.0
727,7,7,20,2,6,500,10,21,21,21,87,17,1,0,0,0,0,0.0
728,7,7,21,2,6,500,10,21,21,22,90,19,1,0,0,0,0,0.0
729,7,7,22,2,6,500,10,21,21,23,93,21,1,0,0,0,0,0.0
730,7,7,23,2,6,500,10,21,21,24,96,23,1,0,0,0,0,0.0
731,7,7,24,2,6,500,10,21,21,25,99,25,1,0,0,0,0,0.0
732,7,7,25,2,6,500,10,21,21,26,102,27,1,0,0,0,0,0.0
733,7,7,26,2,6,500,10,21,21,27,105,29,1,0,0,0,0,0.0
734,7,7,27,2,6,500,10,21,21,28,108,31,1,0,0,0,0,0.0
735,7,7,28,2,6,500,10,21,21,29,111,33,1,0,0,0,0,0.0
736,7,7,29,2,6,500,10,21,21,30,112,37,1,0,0,0,0,0.0
737,7,7,30,2,6,500,10,21,21,31,113,41,1,0,0,0,0,0.0
738,7,7,31,2,6,500,10,21,21,32,114,45,1,0,0,0,0,0.0
739,7,7,32,2,6,500,10,21,21,33,115,49,1,0,0,0,0,0.0
740,7,7,33,2,6,500,10,21,21,34,116,53,1,0,0,0,0,0.0
741,7,7,34,2,6,500,10,21,21,35,117,56,1,0,0,1,0,0.0
742,7,7,35,2,6,500,10,21,21,36,118,60,1,0,0,1,0,0.0
743,7,7,36,2,6,500,10,21,21,37,119,64,1,0,0,1,0,0.0
744,7,7,37,2,6,500,10,21,21,38,120,68,1,0,0,1,0,0.0
745,7,7,38,2,6,500,10,21,21,39,121,72,1,0,0,1,0,0.0
746,7,7,39,2,6,500,10,21,21,40,122,75,1,0,1,1,0,0.0
747,7,7,40,2,6,500,10,21,21,41,123,79,1,0,1,1,0,0.0
748,7,7,41,2,6,500,10,21,21,42,124,83,1,0,1,1,0,0.0
749,7,7,42,2,6,500,10,21,21,43,125,87,1,0,1,1,0,0.0
750,7,7,43,2,6,500,10,21,21,44,126,91,1,0,1,1,0,0.0
751,7,7,44,2,6,500,10,21,21,45,127,94,1,1,1,1,0,0.0
752,7,7,45,2,6,500,10,21,21,46,128,98,1,1,1,1,0,16.666666666666668
753,7,7,46,2,6,500,10,21,21,47,130,101,1,1,1,1,0,16.666666666666668
754,7,7,47,2,6,500,10,21,21,48,132,104,1,1,1,1,0,16.666666666666668
755,7,7,48,2,6,500,10,21,21,49,134,107,1,1,1,1,0,16.666666666666668
756,7,7,49,2,6,500,10,21,21,50,136,110,1,1,1,1,0,16.666666666666668
757,7,7,50,2,6,500,10,21,21,51,138,113,1,1,1,1,0,16.666666666666668
758,7,7,51,2,6,500,10,21,21,52,140,116,1,1,1,1,0,33.333333333333336
759,7,7,52,2,6,500,10,21,21,53,143,118,1,1,1,1,0,33.333333333333336
760,7,7,53,2,6,500,10,21,21,54,145,121,1,1,1,1,0,33.333333333333336
761,7,7,54,2,6,500,10,21,21,55,147,124,1,1,1,1,0,33.333333333333336
762,7,7,55,2,6,500,10,21,21,56,149,127,1,1,1,1,0,33.333333333333336
763,7,7,56,2,6,500,10,21,21,57,151,130,1,1,1,1,0,33.333333333333336
764,7,7,57,2,6,500,10,21,21,58,153,133,1,1,1,1,0,33.333333333333336
765,7,7,58,2,6,500,10,21,21,59,155,136,1,1,1,1,0,33.333333333333336
766,7,7,59,2,6,500,10,21,21,60,157,138,1,1,1,1,0,33.333333333333336
767,7,7,60,2,6,500,10,21,21,61,159,141,1,1,1,1,0,33.333333333333336
768,7,7,61,2,6,500,10,21,21,62,161,144,1,1,1,1,0,50.0
769,7,7,62,2,6,500,10,21,21,63,164,146,1,1,1,1,0,50.0
770,7,7,63,2,6,500,10,21,21,64,167,147,1,1,1,1,0,50.0
771,7,7,64,2,6,500,10,21,21,65,170,149,1,1,1,1,0,50.0
772,7,7,65,2,6,500,10,21,21,66,173,151,1,1,1,1,0,66.66666666666667
773,7,7,66,2,6,500,10,21,21,67,177,152,1,1,1,1,0,66.66666666666667
774,7,7,67,2,6,500,10,21,21,68,181,153,1,1,1,1,0,66.66666666666667
775,7,7,68,2,6,500,10,21,21,69,185,154,1,1,1,1,0,66.66666666666667
776,7,7,69,2,6,500,10,21,21,70,189,155,1,1,1,1,0,66.66666666666667
777,7,7,70,2,6,500,10,21,21,71,193,156,1,1,1,1,0,66.66666666666667
778,7,7,71,2,6,500,10,21,21,72,197,157,1,1,1,1,0,66.66666666666667
779,7,7,72,2,6,500,10,21,21,73,201,158,1,1,1,1,0,66.66666666666667
780,7,7,73,2,6,500,10,21,21,74,205,159,1,1,1,1,0,66.66666666666667
781,7,7,74,2,6,500,10,21,21,75,209,160,1,1,1,1,0,66.66666666666667
782,7,7,75,2,6,500,10,21,21,76,213,161,1,1,1,1,0,66.66666666666667
783,7,7,76,2,6,500,10,21,21,77,217,161,2,1,1,1,0,66.66666666666667
784,7,7,77,2,6,500,10,21,21,78,221,162,2,1,1,1,0,66.66666666666667
785,7,7,78,2,6,500,10,21,21,79,225,163,2,1,1,1,0,66.66666666666667
786,7,7,79,2,6,500,10,21,21,80,228,165,2,1,1,1,0,66.66666666666667
787,7,7,80,2,6,500,10,21,21,81,231,167,2,1,1,1,0,66.66666666666667
788,7,7,81,2,6,500,10,21,21,82,234,169,2,1,1,1,0,66.66666666666667
789,7,7,82,2,6,500,10,21,21,83,237,171,2,1,1,1,0,66.66666666666667
790,7,7,83,2,6,500,10,21,21,84,240,173,2,1,1,1,0,66.66666666666667
791,7,7,84,2,6,500,10,21,21,85,243,175,2,1,1,1,0,66.66666666666667
792,7,7,85,2,6,500,10,21,21,86,246,177,2,1,1,1,0,66.66666666666667
793,7,7,86,2,6,500,10,21,21,87,249,179,2,1,1,1,0,66.66666666666667
794,7,7,87,2,6,500,10,21,21,88,252,181,2,1,1,1,0,66.66666666666667
795,7,7,88,2,6,500,10,21,21,89,255,183,2,1,1,1,0,66.66666666666667
796,7,7,89,2,6,500,10,21,21,90,258,185,2,1,1,1,0,66.66666666666667
797,7,7,90,2,6,500,10,21,21,91,261,187,2,1,1,1,0,66.66666666666667
798,7,7,91,2,6,500,10,21,21,92,264,189,2,1,1,1,0,66.66666666666667
799,7,7,92,2,6,500,10,21,21,93,267,191,2,1,1,1,0,66.66666666666667
800,7,7,93,2,6,500,10,21,21,94,270,193,2,1,1,1,0,66.66666666666667
801,7,7,94,2,6,500,10,21,21,95,273,195,2,1,1,1,0,66.66666666666667
802,7,7,95,2,6,500,10,21,21,96,276,197,2,1,1,1,0,66.66666666666667
803,7,7,96,2,6,500,10,21,21,97,279,199,2,1,1,1,0,66.66666666666667
804,7,7,97,2,6,500,10,21,21,98,282,201,2,1,1,1,0,66.66666666666667
805,7,7,98,2,6,500,10,21,21,99,285,203,2,1,1,1,0,66.66666666666667
806,7,7,99,2,6,500,10,21,21,100,288,205,2,1,1,1,0,66.66666666666667
807,7,7,100,2,6,500,10,21,21,101,291,206,2,2,1,1,0,83.33333333333333
808,8,8,0,2,6,500,10,21,21,1,5,0,0,0,0,0,0,0.0
809,8,8,1,2,6,500,10,21,21,2,9,1,0,0,0,0,0,0.0
810,8,8,2,2,6,500,10,21,21,3,13,2,0,0,0,0,0,0.0
811,8,8,3,2,6,500,10,21,21,4,17,3,0,0,0,0,0,0.0
812,8,8,4,2,6,500,10,21,21,5,21,4,0,0,0,0,0,0.0
813,8,8,5,2,6,500,10,21,21,6,25,5,0,0,0,0,0,0.0
814,8,8,6,2,6,500,10,21,21,7,29,6,0,0,0,0,0,0.0
815,8,8,7,2,6,500,10,21,21,8,33,7,0,0,0,0,0,0.0
816,8,8,8,2,6,500,10,21,21,9,37,8,0,0,0,0,0,0.0
817,8,8,9,2,6,500,10,21,21,10,41,9,0,0,0,0,0,0.0
818,8,8,10,2,6,500,10,21,21,11,45,10,0,0,0,0,0,0.0
819,8,8,11,2,6,500,10,21,21,12,49,11,0,0,0,0,0,0.0
820,8,8,12,2,6,500,10,21,21,13,53,12,0,0,0,0,0,0.0
821,8,8,13,2,6,500,10,21,21,14,57,13,0,0,0,0,0,0.0
822,8,8,14,2,6,500,10,21,21,15,61,14,0,0,0,0,0,0.0
823,8,8,15,2,6,500,10,21,21,16,65,15,0,0,0,0,0,0.0
824,8,8,16,2,6,500,10,21,21,17,69,16,0,0,0,0,0,0.0
825,8,8,17,2,6,500,10,21,21,18,73,17,0,0,0,0,0,0.0
826,8,8,18,2,6,500,10,21,21,19,77,18,0,0,0,0,0,0.0
827,8,8,19,2,6,500,10,21,21,20,81,19,0,0,0,0,0,0.0
828,8,8,20,2,6,500,10,21,21,21,84,21,0,0,0,0,0,0.0
829,8,8,21,2,6,500,10,21,21,22,87,23,0,0,0,0,0,0.0
830,8,8,22,2,6,500,10,21,21,23,90,25,0,0,0,0,0,0.0
831,8,8,23,2,6,500,10,21,21,24,93,27,0,0,0,0,0,0.0
832,8,8,24,2,6,500,10,21,21,25,96,29,0,0,0,0,0,0.0
833,8,8,25,2,6,500,10,21,21,26,99,31,0,0,0,0,0,0.0
834,8,8,26,2,6,500,10,21,21,27,102,32,0,0,0,0,0,0.0
835,8,8,27,2,6,500,10,21,21,28,105,34,0,0,0,0,0,0.0
836,8,8,28,2,6,500,10,21,21,29,108,36,0,0,0,0,0,0.0
837,8,8,29,2,6,500,10,21,21,30,111,37,0,1,0,0,0,0.0
838,8,8,30,2,6,500,10,21,21,31,114,39,0,1,0,0,0,0.0
839,8,8,31,2,6,500,10,21,21,32,117,41,0,1,0,0,0,0.0
840,8,8,32,2,6,500,10,21,21,33,120,43,0,1,0,0,0,0.0
841,8,8,33,2,6,500,10,21,21,34,123,45,0,1,0,0,0,0.0
842,8,8,34,2,6,500,10,21,21,35,126,47,0,1,0,0,0,0.0
843,8,8,35,2,6,500,10,21,21,36,129,49,0,1,0,0,0,0.0
844,8,8,36,2,6,500,10,21,21,37,132,51,0,1,0,0,0,0.0
845,8,8,37,2,6,500,10,21,21,38,135,53,0,1,0,0,0,0.0
846,8,8,38,2,6,500,10,21,21,39,138,55,0,1,0,0,0,0.0
847,8,8,39,2,6,500,10,21,21,40,141,57,0,1,0,0,0,0.0
848,8,8,40,2,6,500,10,21,21,41,144,59,0,1,0,0,0,0.0
849,8,8,41,2,6,500,10,21,21,42,147,61,0,1,0,0,0,0.0
850,8,8,42,2,6,500,10,21,21,43,149,64,0,1,0,0,0,0.0
851,8,8,43,2,6,500,10,21,21,44,151,66,1,1,0,0,0,0.0
852,8,8,44,2,6,500,10,21,21,45,153,69,1,1,0,0,0,16.666666666666668
853,8,8,45,2,6,500,10,21,21,46,156,71,1,1,0,0,0,16.666666666666668
854,8,8,46,2,6,500,10,21,21,47,159,73,1,1,0,0,0,16.666666666666668
855,8,8,47,2,6,500,10,21,21,48,161,76,1,1,0,0,0,16.666666666666668
856,8,8,48,2,6,500,10,21,21,49,163,79,1,1,0,0,0,16.666666666666668
857,8,8,49,2,6,500,10,21,21,50,165,82,1,1,0,0,0,16.666666666666668
858,8,8,50,2,6,500,10,21,21,51,167,85,1,1,0,0,0,16.666666666666668
859,8,8,51,2,6,500,10,21,21,52,169,88,1,1,0,0,0,16.666666666666668
860,8,8,52,2,6,500,10,21,21,53,171,90,1,1,0,0,0,16.666666666666668
861,8,8,53,2,6,500,10,21,21,54,173,92,1,1,0,0,0,16.666666666666668
862,8,8,54,2,6,500,10,21,21,55,175,94,1,1,0,0,0,16.666666666666668
863,8,8,55,2,6,500,10,21,21,56,177,96,1,1,0,0,0,16.666666666666668
864,8,8,56,2,6,500,10,21,21,57,179,98,1,1,0,0,0,16.666666666666668
865,8,8,57,2,6,500,10,21,21,58,181,100,1,1,0,0,0,16.666666666666668
866,8,8,58,2,6,500,10,21,21,59,183,102,1,1,0,0,0,16.666666666666668
867,8,8,59,2,6,500,10,21,21,60,185,104,1,1,0,0,0,16.666666666666668
868,8,8,60,2,6,500,10,21,21,61,187,106,1,1,0,0,0,16.666666666666668
869,8,8,61,2,6,500,10,21,21,62,189,108,1,1,0,0,0,16.666666666666668
870,8,8,62,2,6,500,10,21,21,63,191,110,1,1,0,0,0,16.666666666666668
871,8,8,63,2,6,500,10,21,21,64,193,112,1,1,0,0,0,16.666666666666668
872,8,8,64,2,6,500,10,21,21,65,195,113,1,2,0,0,0,16.666666666666668
873,8,8,65,2,6,500,10,21,21,66,197,115,1,2,0,0,0,16.666666666666668
874,8,8,66,2,6,500,10,21,21,67,199,117,1,2,0,0,0,33.333333333333336
875,8,8,67,2,6,500,10,21,21,68,201,119,1,2,0,0,0,33.333333333333336
876,8,8,68,2,6,500,10,21,21,69,203,121,1,2,0,0,0,33.333333333333336
877,8,8,69,2,6,500,10,21,21,70,205,123,1,2,0,0,0,33.333333333333336
878,8,8,70,2,6,500,10,21,21,71,207,125,1,2,0,0,0,33.333333333333336
879,8,8,71,2,6,500,10,21,21,72,209,127,1,2,0,0,0,33.333333333333336
880,8,8,72,2,6,500,10,21,21,73,211,129,1,2,0,0,0,33.333333333333336
881,8,8,73,2,6,500,10,21,21,74,213,131,1,2,0,0,0,33.333333333333336
882,8,8,74,2,6,500,10,21,21,75,215,133,1,2,0,0,0,33.333333333333336
883,8,8,75,2,6,500,10,21,21,76,217,135,1,2,0,0,0,33.333333333333336
884,8,8,76,2,6,500,10,21,21,77,219,137,1,2,0,0,0,33.333333333333336
885,8,8,77,2,6,500,10,21,21,78,221,139,1,2,0,0,0,33.333333333333336
886,8,8,78,2,6,500,10,21,21,79,223,141,1,2,0,0,0,33.333333333333336
887,8,8,79,2,6,500,10,21,21,80,225,143,1,2,0,0,0,50.0
888,8,8,80,2,6,500,10,21,21,81,228,144,1,2,0,0,0,50.0
889,8,8,81,2,6,500,10,21,21,82,231,145,1,2,0,0,0,50.0
890,8,8,82,2,6,500,10,21,21,83,234,146,1,2,0,0,0,50.0
891,8,8,83,2,6,500,10,21,21,84,237,147,1,2,0,0,0,50.0
892,8,8,84,2,6,500,10,21,21,85,240,148,1,2,0,0,0,50.0
893,8,8,85,2,6,500,10,21,21,86,243,148,2,2,0,0,0,50.0
894,8,8,86,2,6,500,10,21,21,87,246,149,2,2,0,0,0,50.0
895,8,8,87,2,6,500,10,21,21,88,249,150,2,2,0,0,0,50.0
896,8,8,88,2,6,500,10,21,21,89,252,151,2,2,0,0,0,50.0
897,8,8,89,2,6,500,10,21,21,90,255,152,2,2,0,0,0,50.0
898,8,8,90,2,6,500,10,21,21,91,258,153,2,2,0,0,0,50.0
899,8,8,91,2,6,500,10,21,21,92,261,154,2,2,0,0,0,50.0
900,8,8,92,2,6,500,10,21,21,93,264,155,2,2,0,0,0,50.0
901,8,8,93,2,6,500,10,21,21,94,266,157,2,2,0,0,0,50.0
902,8,8,94,2,6,500,10,21,21,95,268,159,2,2,0,0,0,50.0
903,8,8,95,2,6,500,10,21,21,96,270,161,2,2,0,0,0,50.0
904,8,8,96,2,6,500,10,21,21,97,272,163,2,2,0,0,0,50.0
905,8,8,97,2,6,500,10,21,21,98,274,165,2,2,0,0,0,50.0
906,8,8,98,2,6,500,10,21,21,99,276,167,2,2,0,0,0,50.0
907,8,8,99,2,6,500,10,21,21,100,278,169,2,2,0,0,0,50.0
908,8,8,100,2,6,500,10,21,21,101,280,171,2,2,0,0,0,50.0
909,9,9,0,2,6,500,10,21,21,1,5,0,0,0,0,0,0,0.0
910,9,9,1,2,6,500,10,21,21,2,10,0,0,0,0,0,0,0.0
911,9,9,2,2,6,500,10,21,21,3,14,1,0,0,0,0,0,0.0
912,9,9,3,2,6,500,10,21,21,4,18,2,0,0,0,0,0,0.0
913,9,9,4,2,6,500,10,21,21,5,22,3,0,0,0,0,0,0.0
914,9,9,5,2,6,500,10,21,21,6,26,4,0,0,0,0,0,0.0
915,9,9,6,2,6,500,10,21,21,7,30,4,1,0,0,0,0,0.0
916,9,9,7,2,6,500,10,21,21,8,32,7,1,0,0,0,0,0.0
917,9,9,8,2,6,500,10,21,21,9,34,10,1,0,0,0,0,0.0
918,9,9,9,2,6,500,10,21,21,10,36,13,1,0,0,0,0,0.0
919,9,9,10,2,6,500,10,21,21,11,38,16,1,0,0,0,0,0.0
920,9,9,11,2,6,500,10,21,21,12,40,19,1,0,0,0,0,0.0
921,9,9,12,2,6,500,10,21,21,13,42,22,1,0,0,0,0,0.0
922,9,9,13,2,6,500,10,21,21,14,44,25,1,0,0,0,0,0.0
923,9,9,14,2,6,500,10,21,21,15,46,28,1,0,0,0,0,0.0
924,9,9,15,2,6,500,10,21,21,16,48,31,1,0,0,0,0,0.0
925,9,9,16,2,6,500,10,21,21,17,50,34,1,0,0,0,0,0.0
926,9,9,17,2,6,500,10,21,21,18,52,37,1,0,0,0,0,0.0
927,9,9,18,2,6,500,10,21,21,19,54,40,1,0,0,0,0,0.0
928,9,9,19,2,6,500,10,21,21,20,56,43,1,0,0,0,0,0.0
929,9,9,20,2,6,500,10,21,21,21,58,46,1,0,0,0,0,0.0
930,9,9,21,2,6,500,10,21,21,22,60,49,1,0,0,0,0,0.0
931,9,9,22,2,6,500,10,21,21,23,62,51,1,0,1,0,0,0.0
932,9,9,23,2,6,500,10,21,21,24,64,54,1,0,1,0,0,0.0
933,9,9,24,2,6,500,10,21,21,25,66,57,1,0,1,0,0,0.0
934,9,9,25,2,6,500,10,21,21,26,68,60,1,0,1,0,0,0.0
935,9,9,26,2,6,500,10,21,21,27,70,63,1,0,1,0,0,0.0
936,9,9,27,2,6,500,10,21,21,28,72,66,1,0,1,0,0,0.0
937,9,9,28,2,6,500,10,21,21,29,74,69,1,0,1,0,0,0.0
938,9,9,29,2,6,500,10,21,21,30,76,72,1,0,1,0,0,0.0
939,9,9,30,2,6,500,10,21,21,31,78,75,1,0,1,0,0,0.0
940,9,9,31,2,6,500,10,21,21,32,80,78,1,0,1,0,0,0.0
941,9,9,32,2,6,500,10,21,21,33,82,81,1,0,1,0,0,0.0
942,9,9,33,2,6,500,10,21,21,34,84,84,1,0,1,0,0,16.666666666666668
943,9,9,34,2,6,500,10,21,21,35,87,86,1,0,1,0,0,16.666666666666668
944,9,9,35,2,6,500,10,21,21,36,90,88,1,0,1,0,0,16.666666666666668
945,9,9,36,2,6,500,10,21,21,37,93,90,1,0,1,0,0,16.666666666666668
946,9,9,37,2,6,500,10,21,21,38,96,92,1,0,1,0,0,16.666666666666668
947,9,9,38,2,6,500,10,21,21,39,99,94,1,0,1,0,0,16.666666666666668
948,9,9,39,2,6,500,10,21,21,40,102,96,1,0,1,0,0,16.666666666666668
949,9,9,40,2,6,500,10,21,21,41,105,98,1,0,1,0,0,16.666666666666668
950,9,9,41,2,6,500,10,21,21,42,108,100,1,0,1,0,0,16.666666666666668
951,9,9,42,2,6,500,10,21,21,43,111,102,1,0,1,0,0,16.666666666666668
952,9,9,43,2,6,500,10,21,21,44,113,105,1,0,1,0,0,33.333333333333336
953,9,9,44,2,6,500,10,21,21,45,116,106,1,0,1,0,0,33.333333333333336
954,9,9,45,2,6,500,10,21,21,46,119,108,1,0,1,0,0,33.333333333333336
955,9,9,46,2,6,500,10,21,21,47,122,110,1,0,1,0,0,33.333333333333336
956,9,9,47,2,6,500,10,21,21,48,125,112,1,0,1,0,0,33.333333333333336
957,9,9,48,2,6,500,10,21,21,49,128,114,1,0,1,0,0,33.333333333333336
958,9,9,49,2,6,500,10,21,21,50,131,115,1,1,1,0,0,33.333333333333336
959,9,9,50,2,6,500,10,21,21,51,134,117,1,1,1,0,0,33.333333333333336
960,9,9,51,2,6,500,10,21,21,52,137,119,1,1,1,0,0,33.333333333333336
961,9,9,52,2,6,500,10,21,21,53,140,120,1,1,1,0,0,33.333333333333336
962,9,9,53,2,6,500,10,21,21,54,143,121,1,1,1,0,0,33.333333333333336
963,9,9,54,2,6,500,10,21,21,55,146,122,1,1,1,0,0,33.333333333333336
964,9,9,55,2,6,500,10,21,21,56,149,123,1,1,1,0,0,33.333333333333336
965,9,9,56,2,6,500,10,21,21,57,152,124,1,1,1,0,0,33.333333333333336
966,9,9,57,2,6,500,10,21,21,58,155,125,1,1,1,0,0,33.333333333333336
967,9,9,58,2,6,500,10,21,21,59,158,126,1,1,1,0,0,33.333333333333336
968,9,9,59,2,6,500,10,21,21,60,161,128,1,1,1,0,0,33.333333333333336
969,9,9,60,2,6,500,10,21,21,61,164,130,1,1,1,0,0,33.333333333333336
970,9,9,61,2,6,500,10,21,21,62,167,132,1,1,1,0,0,33.333333333333336
971,9,9,62,2,6,500,10,21,21,63,170,134,1,1,1,0,0,33.333333333333336
972,9,9,63,2,6,500,10,21,21,64,173,136,1,1,1,0,0,50.0
973,9,9,64,2,6,500,10,21,21,65,177,137,1,1,1,0,0,50.0
974,9,9,65,2,6,500,10,21,21,66,181,138,1,1,1,0,0,50.0
975,9,9,66,2,6,500,10,21,21,67,185,139,1,1,1,0,0,50.0
976,9,9,67,2,6,500,10,21,21,68,189,140,1,1,1,0,0,50.0
977,9,9,68,2,6,500,10,21,21,69,193,141,1,1,1,0,0,50.0
978,9,9,69,2,6,500,10,21,21,70,197,142,1,1,1,0,0,50.0
979,9,9,70,2,6,500,10,21,21,71,201,143,1,1,1,0,0,50.0
980,9,9,71,2,6,500,10,21,21,72,205,144,1,1,1,0,0,50.0
981,9,9,72,2,6,500,10,21,21,73,209,145,1,1,1,0,0,50.0
982,9,9,73,2,6,500,10,21,21,74,213,146,1,1,1,0,0,50.0
983,9,9,74,2,6,500,10,21,21,75,217,147,1,1,1,0,0,50.0
984,9,9,75,2,6,500,10,21,21,76,221,148,1,1,1,0,0,50.0
985,9,9,76,2,6,500,10,21,21,77,225,149,1,1,1,0,0,50.0
986,9,9,77,2,6,500,10,21,21,78,229,150,1,1,1,0,0,50.0
987,9,9,78,2,6,500,10,21,21,79,233,151,1,1,1,0,0,50.0
988,9,9,79,2,6,500,10,21,21,80,237,152,1,1,1,0,0,50.0
989,9,9,80,2,6,500,10,21,21,81,241,153,1,1,1,0,0,50.0
990,9,9,81,2,6,500,10,21,21,82,245,154,1,1,1,0,0,50.0
991,9,9,82,2,6,500,10,21,21,83,249,155,1,1,1,0,0,50.0
992,9,9,83,2,6,500,10,21,21,84,253,156,1,1,1,0,0,50.0
993,9,9,84,2,6,500,10,21,21,85,257,157,1,1,1,0,0,50.0
994,9,9,85,2,6,500,10,21,21,86,261,158,1,1,1,0,0,50.0
995,9,9,86,2,6,500,10,21,21,87,265,159,1,1,1,0,0,50.0
996,9,9,87,2,6,500,10,21,21,88,269,160,1,1,1,0,0,50.0
997,9,9,88,2,6,500,10,21,21,89,273,161,1,1,1,0,0,50.0
998,9,9,89,2,6,500,10,21,21,90,277,162,1,1,1,0,0,50.0
999,9,9,90,2,6,500,10,21,21,91,281,163,1,1,1,0,0,50.0
1000,9,9,91,2,6,500,10,21,21,92,285,164,1,1,1,0,0,50.0
1001,9,9,92,2,6,500,10,21,21,93,289,165,1,1,1,0,0,50.0
1002,9,9,93,2,6,500,10,21,21,94,293,166,1,1,1,0,0,50.0
1003,9,9,94,2,6,500,10,21,21,95,297,167,1,1,1,0,0,50.0
1004,9,9,95,2,6,500,10,21,21,96,301,168,1,1,1,0,0,50.0
1005,9,9,96,2,6,500,10,21,21,97,305,169,1,1,1,0,0,50.0
1006,9,9,97,2,6,500,10,21,21,98,309,170,1,1,1,0,0,50.0
1007,9,9,98,2,6,500,10,21,21,99,313,171,1,1,1,0,0,50.0
1008,9,9,99,2,6,500,10,21,21,100,317,172,1,1,1,0,0,50.0
1009,9,9,100,2,6,500,10,21,21,101,321,173,1,1,1,0,0,50.0
